dataset,lambda,seed,metric,n_confident,n_uncertain,median_confident,median_uncertain,U,p_value,cliffs_delta,effect
telco,0.0,0,spearman,1278,480,0.8999999999999998,0.8999999999999998,356798.0,6.654284237233744e-08,0.16326943140323413,small
telco,0.0,0,kendall,1278,480,0.7999999999999999,0.7999999999999999,355893.0,1.089030384753509e-07,0.16031885758998432,small
telco,0.0,0,jaccard,1278,480,1.0,0.6666666666666666,354649.0,3.6678645884798e-09,0.15626304121022438,small
telco,0.0,1,spearman,1342,416,0.8999999999999998,0.8857142857142858,350655.5,7.562204696102574e-16,0.2562173994038748,small
telco,0.0,1,kendall,1342,416,0.7999999999999999,0.7333333333333333,350083.0,1.1235946735014403e-15,0.25416642783446064,small
telco,0.0,1,jaccard,1342,416,1.0,0.6666666666666666,329115.5,1.617699718208534e-10,0.17905071363063163,small
telco,0.0,2,spearman,1310,448,0.8999999999999998,0.8857142857142858,352336.0,1.0580621966525687e-10,0.20070883315158117,small
telco,0.0,2,kendall,1310,448,0.7999999999999999,0.7333333333333333,351774.5,1.435377129476467e-10,0.19879532442748094,small
telco,0.0,2,jaccard,1310,448,1.0,1.0,313264.5,0.011131635886534102,0.06755895583424198,negligible
telco,0.0,3,spearman,1251,507,0.8999999999999998,0.8285714285714287,420660.5,2.5068498888495774e-27,0.3264670315030027,small
telco,0.0,3,kendall,1251,507,0.7999999999999999,0.7333333333333333,422139.0,2.976115770283969e-28,0.33112917949663934,medium
telco,0.0,3,jaccard,1251,507,0.6666666666666666,0.6666666666666666,368360.0,2.633894732328744e-09,0.1615480790909678,small
telco,0.0,4,spearman,1353,405,0.8999999999999998,0.8857142857142858,343614.0,2.8448837071337054e-15,0.25414579398319237,small
telco,0.0,4,kendall,1353,405,0.7999999999999999,0.7333333333333333,344142.0,1.489643217898147e-15,0.25607292436560725,small
telco,0.0,4,jaccard,1353,405,1.0,1.0,303621.5,0.00010918152263682131,0.1081784420537808,negligible
telco,0.0,5,spearman,1287,471,0.8857142857142858,0.8285714285714287,333526.5,0.0011584914045220187,0.10042611316496663,negligible
telco,0.0,5,kendall,1287,471,0.7333333333333333,0.7333333333333333,332701.5,0.001505738437238598,0.09770413592069649,negligible
telco,0.0,5,jaccard,1287,471,0.6666666666666666,0.6666666666666666,307760.5,0.5762645891000545,0.015414639618461345,negligible
telco,0.0,6,spearman,1265,493,0.8857142857142858,0.6571428571428573,445250.5,1.5341787939693828e-44,0.42789728130587124,medium
telco,0.0,6,kendall,1265,493,0.7333333333333333,0.4666666666666666,443882.0,5.33053082355959e-44,0.4235085665723288,medium
telco,0.0,6,jaccard,1265,493,0.6666666666666666,0.6666666666666666,415826.5,7.55627657719982e-34,0.3335359058438696,medium
telco,0.0,7,spearman,1326,432,0.8999999999999998,0.8857142857142858,333363.5,2.2021176655366024e-07,0.16391367800681533,small
telco,0.0,7,kendall,1326,432,0.7999999999999999,0.7333333333333333,333726.5,1.584614889006269e-07,0.16518106530361432,small
telco,0.0,7,jaccard,1326,432,1.0,1.0,322399.5,4.6490719969855116e-06,0.1256336936483995,negligible
telco,0.0,8,spearman,1251,507,0.8999999999999998,0.7714285714285715,453058.0,1.263110321752157e-45,0.4286259355434785,medium
telco,0.0,8,kendall,1251,507,0.7999999999999999,0.6,453167.0,4.156033456754e-46,0.42896964479698285,medium
telco,0.0,8,jaccard,1251,507,0.6666666666666666,0.6666666666666666,421975.5,2.8742164985614425e-35,0.3306136156163826,medium
telco,0.0,9,spearman,1345,413,0.8999999999999998,0.8857142857142858,331907.5,1.2664565232210537e-09,0.1950187673834578,small
telco,0.0,9,kendall,1345,413,0.7999999999999999,0.7333333333333333,330784.0,2.4712261442112395e-09,0.19097365365401409,small
telco,0.0,9,jaccard,1345,413,1.0,0.6666666666666666,335311.5,5.164137383907449e-13,0.20727472388993395,small
telco,0.0,10,spearman,1310,448,0.8999999999999998,0.8857142857142858,357293.5,3.3143712623898203e-12,0.21760325790621593,small
telco,0.0,10,kendall,1310,448,0.7999999999999999,0.7333333333333333,357407.5,2.6349748989771783e-12,0.2179917529989095,small
telco,0.0,10,jaccard,1310,448,0.6666666666666666,0.6666666666666666,307025.5,0.09910970864810745,0.04629736913849514,negligible
telco,0.0,11,spearman,1287,471,0.942857142857143,0.8857142857142858,408177.5,4.066674209792636e-30,0.3467271110583212,medium
telco,0.0,11,kendall,1287,471,0.8666666666666666,0.7333333333333333,407175.5,1.1593457233667475e-29,0.3434211459689167,medium
telco,0.0,11,jaccard,1287,471,1.0,0.6666666666666666,368848.5,2.021097154838858e-16,0.2169663316160131,small
telco,0.0,12,spearman,1285,473,0.8999999999999998,0.8285714285714287,379735.5,5.247175386418168e-16,0.24953068829641079,small
telco,0.0,12,kendall,1285,473,0.7999999999999999,0.7333333333333333,379840.0,3.493483960333738e-16,0.24987454858054803,small
telco,0.0,12,jaccard,1285,473,0.6666666666666666,0.6666666666666666,350228.0,3.346507708973753e-08,0.1524354028018855,small
telco,0.0,13,spearman,1279,479,0.8285714285714287,0.7714285714285715,344668.5,4.806260160238028e-05,0.12518914013263882,negligible
telco,0.0,13,kendall,1279,479,0.6190476190476191,0.6,341958.5,0.0001396721858610462,0.11634219714318816,negligible
telco,0.0,13,jaccard,1279,479,1.0,0.6666666666666666,359747.0,2.1714659707016478e-10,0.17441372679921852,small
telco,0.0,14,spearman,1291,467,0.942857142857143,0.942857142857143,341332.0,6.221824242028139e-06,0.13230618165291919,negligible
telco,0.0,14,kendall,1291,467,0.8666666666666666,0.8666666666666666,341130.5,6.891989171005348e-06,0.13163774243361637,negligible
telco,0.0,14,jaccard,1291,467,1.0,1.0,312281.5,0.14013968275525163,0.03593648666355942,negligible
telco,0.0,15,spearman,1332,426,0.8857142857142858,0.7714285714285715,346753.0,3.33156352213912e-12,0.22218345105669046,small
telco,0.0,15,kendall,1332,426,0.7333333333333333,0.6,343859.5,2.609434715058506e-11,0.2119848721961397,small
telco,0.0,15,jaccard,1332,426,1.0,0.6666666666666666,332182.0,2.011960723600133e-09,0.17082575533279765,small
telco,0.0,16,spearman,1258,500,0.8999999999999998,0.8999999999999998,352456.0,5.551280434725823e-05,0.12068680445151037,negligible
telco,0.0,16,kendall,1258,500,0.7999999999999999,0.7999999999999999,351787.5,7.24773187765628e-05,0.1185612082670906,negligible
telco,0.0,16,jaccard,1258,500,1.0,1.0,334763.5,0.010093996821790572,0.06443084260731324,negligible
telco,0.0,17,spearman,1314,444,0.8857142857142858,0.8285714285714287,309316.5,0.055081947774522515,0.060363445637418245,negligible
telco,0.0,17,kendall,1314,444,0.7333333333333333,0.7333333333333333,312608.5,0.021930177697366555,0.07164870349801866,negligible
telco,0.0,17,jaccard,1314,444,1.0,0.6666666666666666,310110.0,0.022961953670619113,0.0630836315767822,negligible
telco,0.0,18,spearman,1269,489,0.8999999999999998,0.8857142857142858,419123.0,2.6903077784145556e-31,0.35083096846139106,medium
telco,0.0,18,kendall,1269,489,0.7999999999999999,0.7333333333333333,419142.5,2.008453232922474e-31,0.3508938168469127,medium
telco,0.0,18,jaccard,1269,489,1.0,0.6666666666666666,392036.0,2.605073724246274e-23,0.26352972648060313,small
telco,0.0,19,spearman,1231,527,0.7142857142857143,0.6785714285714287,358517.5,0.00045219420514991886,0.10527841020321027,negligible
telco,0.0,19,kendall,1231,527,0.6,0.4666666666666666,359889.0,0.0002494165787435168,0.10950662595165683,negligible
telco,0.0,19,jaccard,1231,527,0.6666666666666666,0.6666666666666666,375986.5,5.1399074476602e-09,0.1591338246469678,small
telco,0.5,0,spearman,1278,480,0.7142857142857144,0.6571428571428573,347840.0,1.4047870379760504e-05,0.13406364110589464,negligible
telco,0.5,0,kendall,1278,480,0.6,0.4666666666666666,352142.0,1.427959212587642e-06,0.14808946270213874,small
telco,0.5,0,jaccard,1278,480,0.6666666666666666,0.6666666666666666,357423.0,2.0837665100265654e-09,0.16530712050078256,small
telco,0.5,1,spearman,1342,416,0.7142857142857143,0.6250000000000001,317914.0,1.7582513966690668e-05,0.13892152929038182,negligible
telco,0.5,1,kendall,1342,416,0.6,0.4666666666666666,320267.5,4.698847969809615e-06,0.14735290324429662,small
telco,0.5,1,jaccard,1342,416,0.6666666666666666,0.6666666666666666,313964.5,1.9703716799731557e-05,0.12477251232374176,negligible
telco,0.5,2,spearman,1310,448,0.5428571428571429,0.5428571428571429,294467.5,0.9117676448813689,0.0035015676117775563,negligible
telco,0.5,2,kendall,1310,448,0.39999999999999997,0.39999999999999997,291705.5,0.8512422348307466,-0.0059109187568157084,negligible
telco,0.5,2,jaccard,1310,448,0.6666666666666666,0.6666666666666666,277688.0,0.06669204959317859,-0.053680479825518046,negligible
telco,0.5,3,spearman,1251,507,0.642857142857143,0.5428571428571429,380105.0,6.294159554384662e-11,0.19858353948005303,small
telco,0.5,3,kendall,1251,507,0.4666666666666666,0.39999999999999997,378205.0,2.040125762305698e-10,0.1925922772630022,small
telco,0.5,3,jaccard,1251,507,0.6666666666666666,0.6666666666666666,367058.0,9.816287573751308e-09,0.15744248782433612,small
telco,0.5,4,spearman,1353,405,0.6,0.5357142857142858,319280.0,4.237721479764711e-07,0.16532990245727364,small
telco,0.5,4,kendall,1353,405,0.4666666666666666,0.33333333333333337,316840.0,1.5822849285177038e-06,0.15642422417490165,small
telco,0.5,4,jaccard,1353,405,0.6666666666666666,0.6666666666666666,295668.0,0.006944136617164152,0.07914921573458167,negligible
telco,0.5,5,spearman,1287,471,0.6,0.5428571428571429,326100.0,0.01455879853384241,0.07592336891699958,negligible
telco,0.5,5,kendall,1287,471,0.4666666666666666,0.4285714285714286,327848.5,0.008413478633541051,0.08169231099167407,negligible
telco,0.5,5,jaccard,1287,471,0.6666666666666666,0.6666666666666666,326077.5,0.007542612319836415,0.0758491331739739,negligible
telco,0.5,6,spearman,1265,493,0.7714285714285715,0.6785714285714287,354991.5,6.05100155660405e-06,0.13844093995782858,negligible
telco,0.5,6,kendall,1265,493,0.6,0.4666666666666666,358295.5,9.680353298412765e-07,0.14903671159072873,small
telco,0.5,6,jaccard,1265,493,0.6666666666666666,0.6666666666666666,333170.0,0.012784471390699081,0.06846042219531956,negligible
telco,0.5,7,spearman,1326,432,0.48571428571428577,0.4285714285714286,305395.0,0.0382646108221896,0.06626375621473657,negligible
telco,0.5,7,kendall,1326,432,0.3333333333333333,0.3333333333333333,301441.0,0.1003284647273281,0.05245866152728906,negligible
telco,0.5,7,jaccard,1326,432,0.6666666666666666,0.6666666666666666,311491.0,0.0030170022225713116,0.08754748338081675,negligible
telco,0.5,8,spearman,1251,507,0.7714285714285715,0.7714285714285715,314220.5,0.7622353177182125,-0.00916978448799144,negligible
telco,0.5,8,kendall,1251,507,0.6,0.6,317310.5,0.9848531661406937,0.0005738998544753127,negligible
telco,0.5,8,jaccard,1251,507,0.6666666666666666,0.6666666666666666,321512.5,0.6137816745204515,0.013824049241868863,negligible
telco,0.5,9,spearman,1345,413,0.8285714285714287,0.7714285714285715,328629.0,1.4722184689253966e-08,0.18321466826286947,small
telco,0.5,9,kendall,1345,413,0.7333333333333333,0.6,332381.0,9.483880890387967e-10,0.19672358389515465,small
telco,0.5,9,jaccard,1345,413,0.6666666666666666,0.6666666666666666,286194.0,0.29221153039010195,0.030429264516593557,negligible
telco,0.5,10,spearman,1310,448,0.6,0.6571428571428573,271826.0,0.01966742506777367,-0.07365730643402402,negligible
telco,0.5,10,kendall,1310,448,0.4666666666666666,0.4666666666666666,273449.5,0.030433948759662533,-0.06812465921483102,negligible
telco,0.5,10,jaccard,1310,448,0.6666666666666666,0.6666666666666666,261228.0,0.00015690695765653201,-0.10977371864776442,negligible
telco,0.5,11,spearman,1287,471,0.6,0.48571428571428577,360018.5,1.4965526572761385e-09,0.1878329266864298,small
telco,0.5,11,kendall,1287,471,0.4666666666666666,0.33333333333333337,361278.0,5.516145501006141e-10,0.19198847861268242,small
telco,0.5,11,jaccard,1287,471,0.6666666666666666,0.6666666666666666,362159.0,6.0211814590258564e-12,0.19489522037292728,small
telco,0.5,12,spearman,1285,473,0.642857142857143,0.5357142857142858,351492.0,4.511585276801797e-07,0.1565946315018798,small
telco,0.5,12,kendall,1285,473,0.4666666666666666,0.33333333333333337,353517.5,1.3205316104968926e-07,0.1632595980618785,small
telco,0.5,12,jaccard,1285,473,0.6666666666666666,0.6666666666666666,353285.0,9.786933231936402e-09,0.1624945500612862,small
telco,0.5,13,spearman,1279,479,0.4285714285714286,0.3714285714285715,301671.5,0.623614053962162,-0.015176914375629402,negligible
telco,0.5,13,kendall,1279,479,0.3333333333333333,0.3333333333333333,301204.0,0.5885604551031469,-0.01670309365517486,negligible
telco,0.5,13,jaccard,1279,479,0.6666666666666666,0.6666666666666666,356592.5,1.0787149617147102e-08,0.16411568928622144,small
telco,0.5,14,spearman,1291,467,0.49999999999999994,0.48571428571428577,318599.0,0.06796354586618332,0.05689363191390906,negligible
telco,0.5,14,kendall,1291,467,0.33333333333333337,0.3333333333333333,314952.0,0.14967086799574048,0.04479537964196201,negligible
telco,0.5,14,jaccard,1291,467,0.6666666666666666,0.6666666666666666,317096.5,0.06956293347459395,0.051909364286105264,negligible
telco,0.5,15,spearman,1332,426,0.6571428571428573,0.6571428571428573,278106.0,0.5380317614737764,-0.019773294421181697,negligible
telco,0.5,15,kendall,1332,426,0.4666666666666666,0.4666666666666666,280184.5,0.6972640726929625,-0.012447306461390917,negligible
telco,0.5,15,jaccard,1332,426,0.6666666666666666,0.6666666666666666,274090.0,0.2480429279849613,-0.03392829449167478,negligible
telco,0.5,16,spearman,1258,500,0.6071428571428572,0.6571428571428573,316978.5,0.796137457276286,0.007880763116057343,negligible
telco,0.5,16,kendall,1258,500,0.4666666666666666,0.4666666666666666,315702.0,0.9000028226041056,0.003821939586645451,negligible
telco,0.5,16,jaccard,1258,500,0.6666666666666666,0.6666666666666666,343919.0,0.0007087864801175872,0.09354213036565984,negligible
telco,0.5,17,spearman,1314,444,0.7714285714285715,0.7142857142857143,327754.0,9.349873033509721e-05,0.12356877425370572,negligible
telco,0.5,17,kendall,1314,444,0.6,0.6,332077.5,1.1031638674764278e-05,0.13839010243119843,negligible
telco,0.5,17,jaccard,1314,444,0.6666666666666666,0.6666666666666666,328962.5,7.421199320419871e-06,0.12771161572531442,negligible
telco,0.5,18,spearman,1269,489,0.7142857142857143,0.6,376593.0,3.328145761917153e-12,0.21375702814157327,small
telco,0.5,18,kendall,1269,489,0.6,0.4666666666666666,372041.5,7.505320485258606e-11,0.19908757036199054,small
telco,0.5,18,jaccard,1269,489,0.6666666666666666,0.6666666666666666,370222.5,2.6012418916610596e-12,0.1932249440407645,small
telco,0.5,19,spearman,1231,527,0.7999999999999999,0.7714285714285715,341633.0,0.07572372241840618,0.05322495865042387,negligible
telco,0.5,19,kendall,1231,527,0.6,0.6,343063.0,0.052738203685621224,0.05763352483363837,negligible
telco,0.5,19,jaccard,1231,527,0.6666666666666666,0.6666666666666666,308829.5,0.07409998654285811,-0.047905391553125565,negligible
telco,1.0,0,spearman,1278,480,0.1785714285714286,0.4285714285714286,232540.0,5.102716487480141e-15,-0.24184924360980697,small
telco,1.0,0,kendall,1278,480,0.14285714285714288,0.23809523809523814,233942.0,1.5423459672917563e-14,-0.23727829942618672,small
telco,1.0,0,jaccard,1278,480,0.6666666666666666,0.6666666666666666,303578.5,0.7193950822960486,-0.010242240479916509,negligible
telco,1.0,1,spearman,1342,416,0.3214285714285715,0.41428571428571426,250180.0,0.001365787634003792,-0.10373438037372462,negligible
telco,1.0,1,kendall,1342,416,0.2,0.3333333333333333,244096.5,0.00010406733745658464,-0.1255284162558753,negligible
telco,1.0,1,jaccard,1342,416,0.6666666666666666,0.6666666666666666,234383.5,7.841450011997363e-08,-0.16032507451564826,small
telco,1.0,2,spearman,1310,448,0.2595238095238096,0.2571428571428572,290485.5,0.7500469273069703,-0.010068497818974897,negligible
telco,1.0,2,kendall,1310,448,0.2,0.2,290811.5,0.776485418558116,-0.008957538167938983,negligible
telco,1.0,2,jaccard,1310,448,0.6666666666666666,0.6666666666666666,262329.5,0.0003198054712412753,-0.10601997001090513,negligible
telco,1.0,3,spearman,1251,507,0.42857142857142866,0.42857142857142866,320899.5,0.6956001207292293,0.011891078852894088,negligible
telco,1.0,3,kendall,1251,507,0.3333333333333333,0.3333333333333333,313780.5,0.7278274677900628,-0.010557234685624306,negligible
telco,1.0,3,jaccard,1251,507,0.6666666666666666,0.6666666666666666,325033.5,0.36885542329410104,0.024926804118835078,negligible
telco,1.0,4,spearman,1353,405,0.25,0.2571428571428572,259550.5,0.10727010143785436,-0.05267489711934159,negligible
telco,1.0,4,kendall,1353,405,0.14285714285714288,0.2,253139.0,0.019861310968760967,-0.07607602675353353,negligible
telco,1.0,4,jaccard,1353,405,0.42857142857142855,0.6666666666666666,252942.5,0.01076400704100452,-0.07679322584471637,negligible
telco,1.0,5,spearman,1287,471,0.3333333333333334,0.28571428571428575,312666.5,0.30946716192524526,0.03160133096438833,negligible
telco,1.0,5,kendall,1287,471,0.23809523809523814,0.2,311510.0,0.3707979814709733,0.027785613772874918,negligible
telco,1.0,5,jaccard,1287,471,0.6666666666666666,0.6666666666666666,289323.0,0.10873186269359607,-0.04541742758303269,negligible
telco,1.0,6,spearman,1265,493,0.4642857142857144,0.5428571428571429,264125.0,6.001885777748314e-07,-0.15296362513930206,small
telco,1.0,6,kendall,1265,493,0.3333333333333333,0.39999999999999997,267670.5,3.590970121549526e-06,-0.1415933744357768,negligible
telco,1.0,6,jaccard,1265,493,0.6666666666666666,0.6666666666666666,284879.0,0.0019147174365453368,-0.08640652935564308,negligible
telco,1.0,7,spearman,1326,432,0.2,0.2571428571428572,255112.5,0.0006329542841118815,-0.1092938243673538,negligible
telco,1.0,7,kendall,1326,432,0.14285714285714288,0.2,256981.5,0.0012912756778097093,-0.1027683509301156,negligible
telco,1.0,7,jaccard,1326,432,0.6666666666666666,0.6666666666666666,272985.0,0.10643068640371754,-0.04689332998156526,negligible
telco,1.0,8,spearman,1251,507,0.49999999999999994,0.6,278129.5,5.162264621280571e-05,-0.1229753869488236,negligible
telco,1.0,8,kendall,1251,507,0.33333333333333337,0.4285714285714286,282132.5,0.0002632160209461351,-0.11035274344626866,negligible
telco,1.0,8,jaccard,1251,507,0.6666666666666666,0.6666666666666666,294330.0,0.009581847456768329,-0.07189041666075424,negligible
telco,1.0,9,spearman,1345,413,0.39285714285714296,0.42857142857142866,261128.5,0.06548478851619743,-0.05981799688560452,negligible
telco,1.0,9,kendall,1345,413,0.3333333333333333,0.3333333333333333,257149.0,0.022079898500658432,-0.07414601654410113,negligible
telco,1.0,9,jaccard,1345,413,0.6666666666666666,0.6666666666666666,264021.5,0.09467826741799397,-0.04940187403800278,negligible
telco,1.0,10,spearman,1310,448,0.25,0.3214285714285715,250053.0,2.8808191491722923e-06,-0.14785646128680485,small
telco,1.0,10,kendall,1310,448,0.2,0.2,254191.0,2.2616018495001752e-05,-0.13375477099236643,negligible
telco,1.0,10,jaccard,1310,448,0.6666666666666666,0.6666666666666666,268175.0,0.0031708130280889645,-0.08609937295528902,negligible
telco,1.0,11,spearman,1287,471,0.14285714285714288,0.3142857142857143,258120.5,1.8289181643609222e-06,-0.14836590632768976,small
telco,1.0,11,kendall,1287,471,0.14285714285714288,0.2,265269.0,5.878876662549946e-05,-0.12478038592688279,negligible
telco,1.0,11,jaccard,1287,471,0.6666666666666666,0.6666666666666666,308222.5,0.5536253506929921,0.016938946875252547,negligible
telco,1.0,12,spearman,1285,473,0.39285714285714296,0.28571428571428575,339000.5,0.0001995238355536331,0.11549098806360591,negligible
telco,1.0,12,kendall,1285,473,0.23809523809523814,0.2,327345.5,0.012836166744843239,0.07713987216294704,negligible
telco,1.0,12,jaccard,1285,473,0.6666666666666666,0.6666666666666666,307356.5,0.6910548433101715,0.011365487286218334,negligible
telco,1.0,13,spearman,1279,479,0.10714285714285716,0.3142857142857143,246006.0,1.9386827936498664e-10,-0.19689997894362277,small
telco,1.0,13,kendall,1279,479,0.06666666666666665,0.2,246928.5,3.4638821194216307e-10,-0.19388842731714007,small
telco,1.0,13,jaccard,1279,479,0.6666666666666666,0.6666666666666666,292741.0,0.1175903461749765,-0.044331019308208264,negligible
telco,1.0,14,spearman,1291,467,0.0,0.3571428571428572,223702.0,1.322685413218082e-16,-0.25790972587357375,small
telco,1.0,14,kendall,1291,467,-0.04761904761904762,0.2,225138.5,4.46170479623057e-16,-0.25314440111660863,small
telco,1.0,14,jaccard,1291,467,0.42857142857142855,0.6666666666666666,279476.5,0.011887635761352756,-0.07288807209191617,negligible
telco,1.0,15,spearman,1332,426,0.3214285714285715,0.3714285714285715,253420.0,0.0008890156697873027,-0.10678283917720532,negligible
telco,1.0,15,kendall,1332,426,0.23809523809523814,0.23809523809523814,256150.5,0.0024357317616213545,-0.09715877849680665,negligible
telco,1.0,15,jaccard,1332,426,0.6666666666666666,0.6666666666666666,239492.5,1.1787895783629958e-07,-0.15587242171749216,small
telco,1.0,16,spearman,1258,500,0.3714285714285715,0.48571428571428577,279888.5,0.0003114302238838165,-0.11005246422893478,negligible
telco,1.0,16,kendall,1258,500,0.23809523809523814,0.3333333333333333,280023.0,0.00032113139817201576,-0.10962480127186014,negligible
telco,1.0,16,jaccard,1258,500,0.6666666666666666,0.6666666666666666,313532.5,0.9131871571395127,-0.003076311605723414,negligible
telco,1.0,17,spearman,1314,444,0.2,0.2,284615.0,0.4429752673239681,-0.024315411301712664,negligible
telco,1.0,17,kendall,1314,444,0.14285714285714288,0.14285714285714288,287552.5,0.6527116208917819,-0.01424540979335498,negligible
telco,1.0,17,jaccard,1314,444,0.6666666666666666,0.6666666666666666,262843.0,0.0006767185747490317,-0.09895169141744486,negligible
telco,1.0,18,spearman,1269,489,0.25,0.2,326432.0,0.09007539441813894,0.05208841962094368,negligible
telco,1.0,18,kendall,1269,489,0.19999999999999998,0.14285714285714288,320287.0,0.29242280181928104,0.032283120696295686,negligible
telco,1.0,18,jaccard,1269,489,0.6666666666666666,0.6666666666666666,314469.0,0.630600902760756,0.013531740851933982,negligible
telco,1.0,19,spearman,1231,527,0.5428571428571429,0.6,276543.0,9.19069069882587e-07,-0.14744187552120502,small
telco,1.0,19,kendall,1231,527,0.39999999999999997,0.4666666666666666,273392.5,1.490365637426229e-07,-0.15715459423464362,small
telco,1.0,19,jaccard,1231,527,0.6666666666666666,0.6666666666666666,268621.5,3.642871440017255e-10,-0.17186317413682273,small
telco,1.5,0,spearman,1278,480,0.028571428571428574,0.3571428571428572,205807.5,1.8680188962900265e-26,-0.32900528169014087,small
telco,1.5,0,kendall,1278,480,0.04761904761904762,0.2,216106.5,1.1220722233526927e-21,-0.2954274256651017,small
telco,1.5,0,jaccard,1278,480,0.42857142857142855,0.42857142857142855,296459.0,0.2397623209981714,-0.033453964527908164,negligible
telco,1.5,1,spearman,1342,416,0.14285714285714288,0.28571428571428575,224369.5,1.402641350384677e-09,-0.1962000601857159,small
telco,1.5,1,kendall,1342,416,0.06666666666666665,0.2,223611.5,7.959630045203794e-10,-0.1989155823684512,small
telco,1.5,1,jaccard,1342,416,0.42857142857142855,0.6666666666666666,228719.5,1.589968859762681e-09,-0.18061625874125875,small
telco,1.5,2,spearman,1310,448,0.0,0.09999999999999999,244173.5,1.080390690381635e-07,-0.16789292529989097,small
telco,1.5,2,kendall,1310,448,-0.04761904761904762,0.06666666666666665,244430.5,1.2239815185398992e-07,-0.16701710741548526,small
telco,1.5,2,jaccard,1310,448,0.42857142857142855,0.6666666666666666,224603.5,2.5054522714088418e-15,-0.23458458287895312,small
telco,1.5,3,spearman,1251,507,0.14285714285714288,0.28571428571428575,271439.5,2.141943036641768e-06,-0.14407093654464986,negligible
telco,1.5,3,kendall,1251,507,0.06666666666666665,0.2,266164.5,1.2120093289159706e-07,-0.1607045724367252,small
telco,1.5,3,jaccard,1251,507,0.42857142857142855,0.42857142857142855,300363.5,0.06006971052019701,-0.052865005825714184,negligible
telco,1.5,4,spearman,1353,405,0.14285714285714288,0.25,227068.0,1.6439546244414124e-07,-0.1712317392534195,small
telco,1.5,4,kendall,1353,405,0.06666666666666665,0.2,222482.0,8.728306059091055e-09,-0.18797003458250072,small
telco,1.5,4,jaccard,1353,405,0.42857142857142855,0.6666666666666666,227642.0,1.5740722508525652e-08,-0.16913671493617288,small
telco,1.5,5,spearman,1287,471,0.0,0.14285714285714288,235938.0,1.0427188908183083e-12,-0.22155410053499225,small
telco,1.5,5,kendall,1287,471,-0.04761904761904762,0.14285714285714288,234453.0,3.142560082110259e-13,-0.22645365957467867,small
telco,1.5,5,jaccard,1287,471,0.42857142857142855,0.6666666666666666,265511.5,1.766822224471349e-05,-0.1239802895853851,negligible
telco,1.5,6,spearman,1265,493,0.3142857142857143,0.2571428571428572,308892.5,0.7592300832938103,-0.009396371333050046,negligible
telco,1.5,6,kendall,1265,493,0.2,0.2,308495.0,0.7273056931809292,-0.01067113502072492,negligible
telco,1.5,6,jaccard,1265,493,0.6666666666666666,0.6666666666666666,304390.0,0.39759823791751026,-0.023835675745015217,negligible
telco,1.5,7,spearman,1326,432,-0.028571428571428574,0.2142857142857143,200604.5,7.499359318411448e-21,-0.299604421540696,small
telco,1.5,7,kendall,1326,432,0.04761904761904762,0.17142857142857143,205925.0,1.4320615190392756e-18,-0.2810282945086867,small
telco,1.5,7,jaccard,1326,432,0.42857142857142855,0.6666666666666666,257129.0,0.0005436741066697352,-0.10225336573375787,negligible
telco,1.5,8,spearman,1251,507,0.1785714285714286,0.48571428571428577,215996.0,9.469280398360684e-26,-0.31890069798204823,small
telco,1.5,8,kendall,1251,507,0.14285714285714288,0.3333333333333333,219112.0,2.3806555105092704e-24,-0.309075027946085,small
telco,1.5,8,jaccard,1251,507,0.6666666666666666,0.6666666666666666,248044.0,9.991926163219509e-15,-0.21784387085991952,small
telco,1.5,9,spearman,1345,413,0.3,0.28571428571428575,264933.0,0.15562684670215607,-0.04612005724727042,negligible
telco,1.5,9,kendall,1345,413,0.2,0.2,256881.0,0.020531205604677128,-0.07511093908926436,negligible
telco,1.5,9,jaccard,1345,413,0.6666666666666666,0.6666666666666666,238217.5,1.891456167782719e-06,-0.14230807312528693,negligible
telco,1.5,10,spearman,1310,448,0.14285714285714288,0.27142857142857146,231432.0,2.274093004715382e-11,-0.2113140676117775,small
telco,1.5,10,kendall,1310,448,0.06666666666666665,0.2,234219.0,1.6237770130140934e-10,-0.2018163849509269,small
telco,1.5,10,jaccard,1310,448,0.6666666666666666,0.6666666666666666,260441.0,0.00011402888774913766,-0.11245569792802612,negligible
telco,1.5,11,spearman,1287,471,0.0,0.10714285714285716,257097.5,1.0605404045158556e-06,-0.15174115811058486,small
telco,1.5,11,kendall,1287,471,0.0,0.06666666666666665,260953.5,7.643917987055926e-06,-0.13901880143918366,negligible
telco,1.5,11,jaccard,1287,471,0.42857142857142855,0.6666666666666666,275861.0,0.0016766439453558529,-0.08983349747680958,negligible
telco,1.5,12,spearman,1285,473,0.07142857142857144,0.08571428571428573,293132.5,0.2537670166789423,-0.035438997704856035,negligible
telco,1.5,12,kendall,1285,473,0.04761904761904762,0.06666666666666665,281683.0,0.018408455642963364,-0.07311390988886235,negligible
telco,1.5,12,jaccard,1285,473,0.42857142857142855,0.42857142857142855,269028.0,5.975662011087675e-05,-0.11475555482432687,negligible
telco,1.5,13,spearman,1279,479,0.03571428571428572,0.3142857142857143,217836.5,9.711211016104731e-21,-0.2888608499920835,small
telco,1.5,13,kendall,1279,479,0.04761904761904762,0.2,221821.5,4.364745894532955e-19,-0.2758515998765998,small
telco,1.5,13,jaccard,1279,479,0.42857142857142855,0.6666666666666666,284807.0,0.013752522654799515,-0.07023199557326398,negligible
telco,1.5,14,spearman,1291,467,-0.10714285714285716,0.21428571428571433,220789.0,9.364329469647811e-18,-0.26757306803649716,small
telco,1.5,14,kendall,1291,467,-0.06666666666666665,0.14285714285714288,216072.5,9.92829344636765e-20,-0.28321919001089735,small
telco,1.5,14,jaccard,1291,467,0.42857142857142855,0.42857142857142855,259490.5,1.543503223003211e-06,-0.13918795416132446,negligible
telco,1.5,15,spearman,1332,426,0.1785714285714286,0.3178571428571429,231436.5,9.800642907807495e-09,-0.18426701349236563,small
telco,1.5,15,kendall,1332,426,0.14285714285714288,0.23809523809523814,236232.5,1.824239001386995e-07,-0.16736278532053184,small
telco,1.5,15,jaccard,1332,426,0.6666666666666666,0.6666666666666666,228621.0,6.545100579266885e-11,-0.1941906695427822,small
telco,1.5,16,spearman,1258,500,0.2,0.3714285714285715,251261.0,4.4810083789349844e-11,-0.2010779014308426,small
telco,1.5,16,kendall,1258,500,0.14285714285714288,0.3333333333333333,249333.0,1.0720140173921675e-11,-0.20720826709062,small
telco,1.5,16,jaccard,1258,500,0.42857142857142855,0.6666666666666666,273974.5,5.762547130724387e-06,-0.12885691573926872,negligible
telco,1.5,17,spearman,1314,444,0.028571428571428574,0.08571428571428573,276167.5,0.09280361996232069,-0.053274164575534466,negligible
telco,1.5,17,kendall,1314,444,0.04761904761904762,0.057142857142857134,277925.5,0.13569209301136098,-0.04724759005580925,negligible
telco,1.5,17,jaccard,1314,444,0.42857142857142855,0.6666666666666666,247987.0,4.368660482729177e-07,-0.1498793313861807,small
telco,1.5,18,spearman,1269,489,0.03571428571428572,0.10714285714285716,285208.0,0.00858295242806433,-0.0807762903659871,negligible
telco,1.5,18,kendall,1269,489,0.04761904761904762,0.06666666666666665,282086.5,0.00309150787502401,-0.0908368665406476,negligible
telco,1.5,18,jaccard,1269,489,0.42857142857142855,0.42857142857142855,285574.0,0.00540772269107289,-0.07959667451465735,negligible
telco,1.5,19,spearman,1231,527,0.3714285714285715,0.6,226304.0,8.19411797308678e-24,-0.3023243625691151,small
telco,1.5,19,kendall,1231,527,0.23809523809523814,0.39999999999999997,220863.0,1.8418192250030566e-26,-0.3190984944592339,small
telco,1.5,19,jaccard,1231,527,0.6666666666666666,0.6666666666666666,259841.5,5.279889189084252e-13,-0.19893115391907656,small
telco,2.0,0,spearman,1278,480,0.0,0.14285714285714288,250472.0,2.982043944753329e-09,-0.18338549817423055,small
telco,2.0,0,kendall,1278,480,-0.04761904761904762,0.07142857142857142,246127.5,1.5927119363196554e-10,-0.197549882629108,small
telco,2.0,0,jaccard,1278,480,0.42857142857142855,0.42857142857142855,287612.0,0.029620600640456088,-0.062297861241523256,negligible
telco,2.0,1,spearman,1342,416,0.028571428571428574,0.19999999999999998,213973.5,5.828362801674997e-13,-0.23344355439642328,small
telco,2.0,1,kendall,1342,416,0.0,0.14285714285714288,214888.5,1.1671246164098168e-12,-0.2301655823684512,small
telco,2.0,1,jaccard,1342,416,0.42857142857142855,0.6666666666666666,218036.5,4.664499539443657e-13,-0.21888792559899117,small
telco,2.0,2,spearman,1310,448,0.0,0.09999999999999999,240495.5,1.1344458801288547e-08,-0.18042700381679388,small
telco,2.0,2,kendall,1310,448,0.04761904761904762,0.06666666666666665,246732.5,4.6202536298375235e-07,-0.1591722328244275,small
telco,2.0,2,jaccard,1310,448,0.42857142857142855,0.6666666666666666,221177.0,1.0935051484043359e-16,-0.24626158669574705,small
telco,2.0,3,spearman,1251,507,-0.028571428571428574,0.28571428571428575,239251.0,6.571696641511844e-16,-0.24557080174125,small
telco,2.0,3,kendall,1251,507,-0.04761904761904762,0.2,237891.5,1.9390328944069612e-16,-0.24985770752234504,small
telco,2.0,3,jaccard,1251,507,0.42857142857142855,0.42857142857142855,277411.0,8.51744015350796e-06,-0.1252410300556399,negligible
telco,2.0,4,spearman,1353,405,0.07142857142857144,0.21428571428571433,222480.0,9.038956624868287e-09,-0.1879773343187977,small
telco,2.0,4,kendall,1353,405,0.04761904761904762,0.14285714285714288,218852.0,7.356176464450769e-10,-0.2012190559616034,small
telco,2.0,4,jaccard,1353,405,0.42857142857142855,0.6666666666666666,239781.0,3.460495725183087e-05,-0.12483096548137196,negligible
telco,2.0,5,spearman,1287,471,-0.2,-0.028571428571428574,227502.0,1.05764093705746e-15,-0.24938755512003918,small
telco,2.0,5,kendall,1287,471,-0.14285714285714288,-0.04761904761904762,224743.5,8.840200242210937e-17,-0.25848885721497183,small
telco,2.0,5,jaccard,1287,471,0.42857142857142855,0.6666666666666666,231152.5,3.4003855149135506e-16,-0.23734321823493798,small
telco,2.0,6,spearman,1265,493,0.10714285714285716,0.2571428571428572,238034.5,1.1677484811132196e-14,-0.23663462386453837,small
telco,2.0,6,kendall,1265,493,0.06666666666666665,0.2,244442.5,1.6924080416850156e-12,-0.21608447113341722,small
telco,2.0,6,jaccard,1265,493,0.6666666666666666,0.6666666666666666,288158.0,0.007483946472827964,-0.07589093153957782,negligible
telco,2.0,7,spearman,1326,432,-0.07142857142857144,0.1785714285714286,207132.0,4.969640682383175e-18,-0.27681414446120334,small
telco,2.0,7,kendall,1326,432,0.0,0.14285714285714288,212102.5,4.699628955049357e-16,-0.2594600162002123,small
telco,2.0,7,jaccard,1326,432,0.42857142857142855,0.6666666666666666,252751.0,7.062335897479652e-05,-0.11753882464666776,negligible
telco,2.0,8,spearman,1251,507,0.10714285714285716,0.3714285714285715,229132.0,6.931430558215344e-20,-0.2774790029909011,small
telco,2.0,8,kendall,1251,507,0.06666666666666665,0.3333333333333333,232518.5,1.5169651808254968e-18,-0.266800366412984,small
telco,2.0,8,jaccard,1251,507,0.6666666666666666,0.6666666666666666,260726.0,2.6780116263789386e-10,-0.17785377220905718,small
telco,2.0,9,spearman,1345,413,0.14285714285714288,0.19999999999999998,252330.0,0.004849303783473238,-0.09149662007074899,negligible
telco,2.0,9,kendall,1345,413,0.14285714285714288,0.14285714285714288,243849.5,0.00016856415295265928,-0.12203029784782671,negligible
telco,2.0,9,jaccard,1345,413,0.42857142857142855,0.6666666666666666,248304.0,0.00040847013079964366,-0.10599206099174596,negligible
telco,2.0,10,spearman,1310,448,0.08571428571428573,0.2571428571428572,226524.5,5.33988004236623e-13,-0.22803809978189749,small
telco,2.0,10,kendall,1310,448,0.06666666666666665,0.2,230555.0,1.1351076532923403e-11,-0.21430275354416572,small
telco,2.0,10,jaccard,1310,448,0.6666666666666666,0.6666666666666666,260260.0,0.00011520158925654823,-0.11307251908396942,negligible
telco,2.0,11,spearman,1287,471,0.0,0.09999999999999999,259586.0,3.910176139644395e-06,-0.14353068493195886,negligible
telco,2.0,11,kendall,1287,471,-0.04761904761904762,0.06666666666666665,267840.5,0.00018133077783262093,-0.11629606534065129,negligible
telco,2.0,11,jaccard,1287,471,0.42857142857142855,0.6666666666666666,270919.5,0.0002066985571112044,-0.10613731632839918,negligible
telco,2.0,12,spearman,1285,473,0.10714285714285716,0.10714285714285716,298056.0,0.5355917510911418,-0.019238078001990733,negligible
telco,2.0,12,kendall,1285,473,0.06666666666666665,0.06666666666666665,289265.0,0.12042745894885312,-0.048165118746966495,negligible
telco,2.0,12,jaccard,1285,473,0.42857142857142855,0.42857142857142855,257954.0,1.1469348479470163e-07,-0.15119487335576376,small
telco,2.0,13,spearman,1279,479,-0.028571428571428574,0.10714285714285716,242519.5,1.650880246576425e-11,-0.20828184858669274,small
telco,2.0,13,kendall,1279,479,-0.04761904761904762,0.06666666666666665,243723.0,3.7419249957358696e-11,-0.20435295711517842,small
telco,2.0,13,jaccard,1279,479,0.42857142857142855,0.6666666666666666,275926.5,0.0005140412903670438,-0.09922287277541009,negligible
telco,2.0,14,spearman,1291,467,-0.14285714285714288,0.14285714285714288,230508.0,4.431629013694276e-14,-0.23533207164739578,small
telco,2.0,14,kendall,1291,467,-0.07142857142857142,0.06666666666666665,231825.5,1.2245253975970095e-13,-0.23096150752118516,small
telco,2.0,14,jaccard,1291,467,0.42857142857142855,0.42857142857142855,253249.5,3.4227396643494556e-08,-0.15989132472047463,small
telco,2.0,15,spearman,1332,426,0.08571428571428573,0.21428571428571433,239881.5,1.5285734186738115e-06,-0.1545013323182337,small
telco,2.0,15,kendall,1332,426,0.06666666666666665,0.19999999999999998,245324.5,2.4924048640413712e-05,-0.1353166546828518,negligible
telco,2.0,15,jaccard,1332,426,0.6666666666666666,0.6666666666666666,239436.5,1.96218584323014e-07,-0.15606980219656275,small
telco,2.0,16,spearman,1258,500,0.09761904761904763,0.25,269906.5,3.4010570023832286e-06,-0.14179173290937996,negligible
telco,2.0,16,kendall,1258,500,0.06666666666666665,0.2,261621.5,3.516789228565067e-08,-0.16813513513513512,small
telco,2.0,16,jaccard,1258,500,0.42857142857142855,0.6666666666666666,281695.5,0.00024246065050644212,-0.10430683624801274,negligible
telco,2.0,17,spearman,1314,444,-0.07142857142857144,0.0,256322.5,0.00012955621529840854,-0.12130452370178402,negligible
telco,2.0,17,kendall,1314,444,-0.04761904761904762,0.04761904761904762,260631.5,0.0007668424734355944,-0.10653290276577942,negligible
telco,2.0,17,jaccard,1314,444,0.42857142857142855,0.6666666666666666,245573.0,1.0636136207515182e-07,-0.15815473007253833,small
telco,2.0,18,spearman,1269,489,0.0,0.08571428571428573,278763.5,0.0009530742342293112,-0.10154687603236534,negligible
telco,2.0,18,kendall,1269,489,0.0,0.06666666666666665,278343.5,0.0008053350526024186,-0.10290053356667805,negligible
telco,2.0,18,jaccard,1269,489,0.42857142857142855,0.42857142857142855,279440.0,0.0005165766176352743,-0.09936652050388295,negligible
telco,2.0,19,spearman,1231,527,0.3,0.4285714285714286,264281.5,7.09140682784681e-10,-0.1852430183572079,small
telco,2.0,19,kendall,1231,527,0.2,0.3333333333333333,260189.0,4.220752776167094e-11,-0.1978598415074213,small
telco,2.0,19,jaccard,1231,527,0.6666666666666666,0.6666666666666666,259436.0,6.024528699854554e-13,-0.20018127530879226,small
adult,0.0,0,spearman,10729,1482,0.8999999999999998,0.8999999999999998,7684627.0,0.035040682767702544,-0.03340323104268339,negligible
adult,0.0,0,kendall,10729,1482,0.7999999999999999,0.7999999999999999,7663396.5,0.0222433233429704,-0.03607367070141354,negligible
adult,0.0,0,jaccard,10729,1482,0.6666666666666666,0.6666666666666666,7837400.0,0.3162543447778441,-0.014186958322626064,negligible
adult,0.0,1,spearman,10751,1460,0.8999999999999998,0.8999999999999998,7813153.0,0.775275514452004,-0.00446941539684742,negligible
adult,0.0,1,kendall,10751,1460,0.7999999999999999,0.7999999999999999,7835723.0,0.9188332526439382,-0.001593607730660307,negligible
adult,0.0,1,jaccard,10751,1460,1.0,1.0,8273412.0,3.715658587366108e-05,0.05417552747562193,negligible
adult,0.0,2,spearman,10726,1485,0.8999999999999998,0.8857142857142858,9538091.0,5.142553739031927e-36,0.19764253260430764,small
adult,0.0,2,kendall,10726,1485,0.7999999999999999,0.7333333333333333,9540178.0,2.663765351848014e-36,0.19790458503865183,small
adult,0.0,2,jaccard,10726,1485,1.0,0.6666666666666666,9258852.0,2.4053821848362186e-31,0.16258011779175296,small
adult,0.0,3,spearman,10704,1507,0.8857142857142858,0.8857142857142858,7681844.5,0.0025676639678975793,-0.04756322760847986,negligible
adult,0.0,3,kendall,10704,1507,0.7333333333333333,0.7333333333333333,7725652.0,0.00721844237594658,-0.042131736004277,negligible
adult,0.0,3,jaccard,10704,1507,0.6666666666666666,0.6666666666666666,8591765.5,3.362604041798454e-06,0.06525371633919641,negligible
adult,0.0,4,spearman,10514,1697,0.7,0.8285714285714287,6464139.0,9.346514705629971e-75,-0.27541245059902175,small
adult,0.0,4,kendall,10514,1697,0.6,0.7333333333333333,6706326.5,2.3206792772477144e-62,-0.24826482163860653,small
adult,0.0,4,jaccard,10514,1697,0.6666666666666666,0.6666666666666666,10340821.0,2.041179460640772e-33,0.15913815392648178,small
adult,0.0,5,spearman,10728,1483,0.8857142857142858,0.7714285714285715,10435377.5,7.821547852637802e-86,0.31183207095277665,small
adult,0.0,5,kendall,10728,1483,0.7333333333333333,0.6,10424827.5,6.845433923806411e-86,0.3105058296789416,small
adult,0.0,5,jaccard,10728,1483,1.0,0.6666666666666666,10435550.5,3.8759560304939425e-108,0.31185381879546625,small
adult,0.0,6,spearman,10619,1592,0.8285714285714287,0.8857142857142858,7460406.0,2.8224359194027237e-14,-0.1173962381830993,negligible
adult,0.0,6,kendall,10619,1592,0.7333333333333333,0.7333333333333333,7630985.5,2.2943152902344413e-10,-0.0972158206041035,negligible
adult,0.0,6,jaccard,10619,1592,0.6666666666666666,1.0,6544883.0,5.424447492062027e-60,-0.2257072394650529,small
adult,0.0,7,spearman,10729,1482,0.8999999999999998,0.8857142857142858,9417015.0,1.4551400542341113e-31,0.18450202881969213,small
adult,0.0,7,kendall,10729,1482,0.7999999999999999,0.7333333333333333,9370557.5,7.24016979542419e-30,0.17865845705051786,small
adult,0.0,7,jaccard,10729,1482,1.0,0.6666666666666666,9375507.5,1.276068057035065e-37,0.1792810837578831,small
adult,0.0,8,spearman,10782,1429,0.8285714285714287,0.8857142857142858,6804254.5,5.040118874285615e-13,-0.11675947225107186,negligible
adult,0.0,8,kendall,10782,1429,0.7333333333333333,0.7333333333333333,6960538.5,1.7759685774027895e-09,-0.09647269981498596,negligible
adult,0.0,8,jaccard,10782,1429,0.6666666666666666,0.6666666666666666,6471759.5,9.518284784019684e-32,-0.15991968315645166,small
adult,0.0,9,spearman,10628,1583,0.8999999999999998,0.8999999999999998,8303254.5,0.4001145400844004,-0.01293470019598053,negligible
adult,0.0,9,kendall,10628,1583,0.7999999999999999,0.7999999999999999,8276117.0,0.29136786985482777,-0.016160722543414496,negligible
adult,0.0,9,jaccard,10628,1583,1.0,1.0,8120254.5,0.010860178046332374,-0.03468917609023803,negligible
adult,0.0,10,spearman,10823,1388,0.7714285714285715,0.8999999999999998,5118291.5,3.983694122997465e-84,-0.31857527503733774,small
adult,0.0,10,kendall,10823,1388,0.6,0.7999999999999999,5500697.5,3.9294873173973464e-61,-0.2676635785514945,small
adult,0.0,10,jaccard,10823,1388,0.6666666666666666,0.6666666666666666,6233555.0,5.86237000827449e-35,-0.17009445409378732,small
adult,0.0,11,spearman,10796,1415,0.8285714285714287,0.8285714285714287,7891815.0,0.0408321308546605,0.03320756149706017,negligible
adult,0.0,11,kendall,10796,1415,0.7333333333333333,0.7333333333333333,7952160.0,0.010723939998925121,0.04110801409238074,negligible
adult,0.0,11,jaccard,10796,1415,0.6666666666666666,0.6666666666666666,6815260.0,2.6908246303701085e-14,-0.10773653898774183,negligible
adult,0.0,12,spearman,10587,1624,0.8285714285714287,0.8999999999999998,6481226.5,2.7402596816646692e-58,-0.2460748054705999,small
adult,0.0,12,kendall,10587,1624,0.7333333333333333,0.7999999999999999,6670953.0,3.0638297464635478e-49,-0.22400497217286186,small
adult,0.0,12,jaccard,10587,1624,0.6666666666666666,1.0,7956174.5,2.8285651585937725e-08,-0.07450227088617367,negligible
adult,0.0,13,spearman,10672,1539,0.8285714285714287,0.8999999999999998,6583829.5,8.894021018276766e-37,-0.19827738421237728,small
adult,0.0,13,kendall,10672,1539,0.7333333333333333,0.7999999999999999,6809262.5,3.821399310281961e-28,-0.17082607575354625,small
adult,0.0,13,jaccard,10672,1539,0.6666666666666666,0.6666666666666666,8106665.5,0.3508313121656942,-0.01283940144937279,negligible
adult,0.0,14,spearman,10695,1516,0.8285714285714287,0.8999999999999998,4805087.5,4.4197021762629475e-147,-0.4072776468179222,medium
adult,0.0,14,kendall,10695,1516,0.7333333333333333,0.7999999999999999,4939675.5,4.712484388311148e-137,-0.39067580219593157,medium
adult,0.0,14,jaccard,10695,1516,0.6666666666666666,1.0,6202232.0,1.9941387191078148e-67,-0.23493556651753278,small
adult,0.0,15,spearman,10806,1405,0.6785714285714287,0.8857142857142858,5105554.0,2.836176138393059e-89,-0.3274391517036469,small
adult,0.0,15,kendall,10806,1405,0.6,0.7333333333333333,5340271.5,3.610245623536693e-74,-0.29651952948243465,small
adult,0.0,15,jaccard,10806,1405,0.6666666666666666,0.6666666666666666,6431961.0,7.266539216587043e-25,-0.1527099416891763,small
adult,0.0,16,spearman,10707,1504,0.8999999999999998,0.8857142857142858,8212958.5,0.2029358122864744,0.020032442983214382,negligible
adult,0.0,16,kendall,10707,1504,0.7999999999999999,0.7333333333333333,8231252.0,0.15426134723551452,0.022304457811453737,negligible
adult,0.0,16,jaccard,10707,1504,1.0,0.6666666666666666,9036537.5,8.485930546170718e-19,0.12231924978488928,negligible
adult,0.0,17,spearman,10699,1512,0.7714285714285715,0.8857142857142858,5988287.5,1.365822299207212e-60,-0.25964901283856323,small
adult,0.0,17,kendall,10699,1512,0.6,0.7333333333333333,6341640.0,4.266244635608727e-43,-0.21596292191674937,small
adult,0.0,17,jaccard,10699,1512,0.6666666666666666,0.6666666666666666,7606490.0,9.19510344955047e-06,-0.059585502477361496,negligible
adult,0.0,18,spearman,10766,1445,0.8285714285714287,0.8285714285714287,7201727.5,4.084222916948948e-06,-0.07414184215719488,negligible
adult,0.0,18,kendall,10766,1445,0.7333333333333333,0.7333333333333333,7297901.0,0.0001066350213455533,-0.06177772263957981,negligible
adult,0.0,18,jaccard,10766,1445,0.6666666666666666,0.6666666666666666,8433934.5,3.529788130806502e-09,0.08427138621072228,negligible
adult,0.0,19,spearman,10770,1441,0.8999999999999998,0.8999999999999998,7441777.0,0.010178545958776644,-0.040981547813502606,negligible
adult,0.0,19,kendall,10770,1441,0.7999999999999999,0.7999999999999999,7500778.5,0.0356532525966199,-0.03337805106713654,negligible
adult,0.0,19,jaccard,10770,1441,0.6666666666666666,1.0,7422379.5,0.0021256841779070186,-0.043481294907010914,negligible
adult,0.5,0,spearman,10729,1482,0.8285714285714287,0.8285714285714287,7288338.0,1.7086361242459018e-07,-0.08324971896894529,negligible
adult,0.5,0,kendall,10729,1482,0.7333333333333333,0.7333333333333333,7411760.5,1.8047550565354973e-05,-0.06772524527404322,negligible
adult,0.5,0,jaccard,10729,1482,0.6666666666666666,0.6666666666666666,9322372.0,2.471186401003286e-34,0.17259753195804528,small
adult,0.5,1,spearman,10751,1460,0.8857142857142858,0.8285714285714287,8983297.5,1.5226049621814003e-19,0.1446271961958301,negligible
adult,0.5,1,kendall,10751,1460,0.7333333333333333,0.7333333333333333,9060992.0,2.6268972986463896e-22,0.154526816874633,small
adult,0.5,1,jaccard,10751,1460,0.6666666666666666,0.6666666666666666,9288961.5,1.3732574213258022e-37,0.18357406701893297,small
adult,0.5,2,spearman,10726,1485,0.8999999999999998,0.8285714285714287,10363003.0,4.574708493244219e-81,0.3012219277742305,small
adult,0.5,2,kendall,10726,1485,0.7999999999999999,0.7333333333333333,10440558.5,8.341550076650033e-87,0.3109601201900287,small
adult,0.5,2,jaccard,10726,1485,1.0,0.6666666666666666,9847577.5,3.509682584992182e-64,0.23650294981639375,small
adult,0.5,3,spearman,10704,1507,0.8857142857142858,0.8285714285714287,9130345.0,6.436959071461917e-17,0.13202972575415384,negligible
adult,0.5,3,kendall,10704,1507,0.7333333333333333,0.7333333333333333,9193084.0,5.470526822337704e-19,0.13980844747431775,negligible
adult,0.5,3,jaccard,10704,1507,0.6666666666666666,0.6666666666666666,9358434.0,1.270320448465168e-29,0.1603094378699106,small
adult,0.5,4,spearman,10514,1697,0.7,0.7714285714285715,6942317.0,4.797084456455126e-49,-0.22181183569927077,small
adult,0.5,4,kendall,10514,1697,0.6,0.6,7262984.0,1.0195418943868781e-35,-0.1858671699512472,small
adult,0.5,4,jaccard,10514,1697,0.6666666666666666,0.6666666666666666,10556717.0,6.371204061326572e-45,0.18333867832199258,small
adult,0.5,5,spearman,10728,1483,0.7142857142857143,0.7142857142857144,7782685.5,0.17510017621913332,-0.02163803494036065,negligible
adult,0.5,5,kendall,10728,1483,0.6,0.6,7943641.0,0.9291069929425777,-0.0014043072293852266,negligible
adult,0.5,5,jaccard,10728,1483,0.6666666666666666,0.6666666666666666,10228790.0,6.026125418306494e-89,0.2858619411747254,small
adult,0.5,6,spearman,10619,1592,0.8857142857142858,0.7714285714285715,10140438.5,3.067183955340139e-38,0.19966516119537325,small
adult,0.5,6,kendall,10619,1592,0.7333333333333333,0.6,10312999.5,1.1392811710752142e-46,0.22008000024607455,small
adult,0.5,6,jaccard,10619,1592,0.6666666666666666,0.6666666666666666,9281374.0,1.0922941717510965e-12,0.09803348600995365,negligible
adult,0.5,7,spearman,10729,1482,0.8999999999999998,0.8857142857142858,9927496.5,1.1073261203516127e-55,0.2487120117521735,small
adult,0.5,7,kendall,10729,1482,0.7999999999999999,0.7333333333333333,9930245.0,3.3980723082940653e-56,0.2490577268037275,small
adult,0.5,7,jaccard,10729,1482,1.0,0.6666666666666666,9095981.5,2.385043253232594e-24,0.1441214164845641,negligible
adult,0.5,8,spearman,10782,1429,0.8857142857142858,0.8285714285714287,8348802.5,2.1342629007322493e-07,0.08373382068110047,negligible
adult,0.5,8,kendall,10782,1429,0.7333333333333333,0.7333333333333333,8387443.5,3.231367366513606e-08,0.08874969673816824,negligible
adult,0.5,8,jaccard,10782,1429,0.6666666666666666,0.6666666666666666,8564605.5,9.049784655470275e-15,0.11174658175724805,negligible
adult,0.5,9,spearman,10628,1583,0.8999999999999998,0.8999999999999998,8783972.0,0.0035524864566518935,0.04421151437067383,negligible
adult,0.5,9,kendall,10628,1583,0.7999999999999999,0.7999999999999999,8771495.5,0.0047773609612487885,0.0427283465100472,negligible
adult,0.5,9,jaccard,10628,1583,1.0,1.0,8852013.0,4.798133896494828e-05,0.0523000187112268,negligible
adult,0.5,10,spearman,10823,1388,0.8857142857142858,0.7714285714285715,9829209.5,1.5114112550991444e-79,0.3086137005166445,small
adult,0.5,10,kendall,10823,1388,0.7333333333333333,0.6,9893730.0,8.284925228713439e-85,0.31720364971491755,small
adult,0.5,10,jaccard,10823,1388,1.0,0.6666666666666666,9948493.5,2.7484514971699425e-113,0.32449459883836873,small
adult,0.5,11,spearman,10796,1415,0.8285714285714287,0.7142857142857143,9244993.5,2.970302021730667e-38,0.2103676011400637,small
adult,0.5,11,kendall,10796,1415,0.7333333333333333,0.6,9310741.0,7.638247825178555e-42,0.21897535666265622,small
adult,0.5,11,jaccard,10796,1415,0.6666666666666666,0.6666666666666666,8455336.5,5.450869537231042e-14,0.10698459185904485,negligible
adult,0.5,12,spearman,10587,1624,0.8857142857142858,0.8857142857142858,8942309.5,0.008519037783519865,0.04020935378968815,negligible
adult,0.5,12,kendall,10587,1624,0.7333333333333333,0.7333333333333333,9067259.5,0.00030961997570905805,0.05474409548656434,negligible
adult,0.5,12,jaccard,10587,1624,0.6666666666666666,0.6666666666666666,9499385.5,1.1148176856792138e-14,0.10501092054062022,negligible
adult,0.5,13,spearman,10672,1539,0.7999999999999999,0.8285714285714287,7059209.5,3.5525363022744024e-19,-0.14038966140711318,negligible
adult,0.5,13,kendall,10672,1539,0.6,0.7333333333333333,7271052.5,1.4796843419305064e-13,-0.11459322726550958,negligible
adult,0.5,13,jaccard,10672,1539,0.6666666666666666,0.6666666666666666,8937737.5,8.789006049884337e-11,0.0883614601081526,negligible
adult,0.5,14,spearman,10695,1516,0.7142857142857143,0.7428571428571429,7989112.5,0.3584670826432572,-0.014518349387736995,negligible
adult,0.5,14,kendall,10695,1516,0.6,0.6,8224747.5,0.3525446954311924,0.014547954127455798,negligible
adult,0.5,14,jaccard,10695,1516,0.6666666666666666,0.6666666666666666,8757660.0,3.892403519537591e-09,0.0802843535249993,negligible
adult,0.5,15,spearman,10806,1405,0.8285714285714287,0.8285714285714287,7696815.5,0.39352420417555767,0.013910882513537004,negligible
adult,0.5,15,kendall,10806,1405,0.7333333333333333,0.7333333333333333,7694411.5,0.40160546303903766,0.013594200664847511,negligible
adult,0.5,15,jaccard,10806,1405,0.6666666666666666,0.6666666666666666,8478148.0,1.4274713060879134e-15,0.1168367646022408,negligible
adult,0.5,16,spearman,10707,1504,0.8857142857142858,0.7999999999999999,9343483.5,3.3082126306295273e-24,0.160441307535933,small
adult,0.5,16,kendall,10707,1504,0.7333333333333333,0.6,9357747.0,5.316175411564615e-25,0.1622128047072009,small
adult,0.5,16,jaccard,10707,1504,0.6666666666666666,0.6666666666666666,9608096.5,1.7689305283817944e-42,0.1933056943260425,small
adult,0.5,17,spearman,10699,1512,0.7142857142857143,0.7142857142857144,8070592.5,0.8890940014951174,-0.0022070375958589405,negligible
adult,0.5,17,kendall,10699,1512,0.6,0.6,8686694.0,2.290329527102167e-06,0.07396354601700894,negligible
adult,0.5,17,jaccard,10699,1512,0.6666666666666666,0.6666666666666666,9613779.0,1.0355439556895051e-41,0.1885820066257491,small
adult,0.5,18,spearman,10766,1445,0.8999999999999998,0.8999999999999998,8498630.0,4.569561760387642e-09,0.0925886762568564,negligible
adult,0.5,18,kendall,10766,1445,0.7999999999999999,0.7999999999999999,8513347.0,2.0753100059951155e-09,0.09448070209495874,negligible
adult,0.5,18,jaccard,10766,1445,1.0,1.0,8550456.0,1.3295307825001725e-13,0.09925145610910158,negligible
adult,0.5,19,spearman,10770,1441,0.8999999999999998,0.8857142857142858,10358474.0,6.496431956001833e-98,0.334891881669402,medium
adult,0.5,19,kendall,10770,1441,0.7999999999999999,0.7333333333333333,10353761.5,5.294743790413993e-98,0.3342845839156625,medium
adult,0.5,19,jaccard,10770,1441,1.0,0.6666666666666666,9335582.5,3.318889705559109e-47,0.20307231450355911,small
adult,1.0,0,spearman,10729,1482,0.7,0.7,7974835.0,0.8460705584763248,0.0031000520868120773,negligible
adult,1.0,0,kendall,10729,1482,0.6,0.6,8168649.0,0.08227825176837823,0.027478592018378434,negligible
adult,1.0,0,jaccard,10729,1482,0.6666666666666666,0.6666666666666666,9520582.0,3.2661152220256765e-44,0.19752901471902118,small
adult,1.0,1,spearman,10751,1460,0.7142857142857143,0.6785714285714287,8660887.5,1.1736188597354522e-10,0.10354659585664527,negligible
adult,1.0,1,kendall,10751,1460,0.6,0.5238095238095238,8817198.5,1.038990925041131e-14,0.12346331593238213,negligible
adult,1.0,1,jaccard,10751,1460,0.6666666666666666,0.6666666666666666,9708115.0,1.4295010821136424e-59,0.23698145951380112,small
adult,1.0,2,spearman,10726,1485,0.8857142857142858,0.7714285714285715,10155677.0,2.4468562597600508e-67,0.2751892095170112,small
adult,1.0,2,kendall,10726,1485,0.7333333333333333,0.6,10249352.0,9.40640852880186e-74,0.28695143366036513,small
adult,1.0,2,jaccard,10726,1485,1.0,0.6666666666666666,9729935.0,3.617829367569534e-55,0.2217312662958757,small
adult,1.0,3,spearman,10704,1507,0.8285714285714287,0.7714285714285715,10312759.0,1.672452971621806e-69,0.2786318307291433,small
adult,1.0,3,kendall,10704,1507,0.7333333333333333,0.6,10422408.0,3.2538636257069797e-77,0.29222670884154955,small
adult,1.0,3,jaccard,10704,1507,0.6666666666666666,0.6666666666666666,9859650.0,5.377926520591389e-56,0.22245291777385656,small
adult,1.0,4,spearman,10514,1697,0.8857142857142858,0.7142857142857143,11682381.5,2.2194139249315855e-94,0.3095182795809812,small
adult,1.0,4,kendall,10514,1697,0.7333333333333333,0.6,11641095.5,9.981532906204557e-93,0.3048903899943607,small
adult,1.0,4,jaccard,10514,1697,1.0,0.6666666666666666,10731771.0,1.545631849419418e-52,0.20296108261633705,small
adult,1.0,5,spearman,10728,1483,0.8857142857142858,0.7999999999999999,9185848.5,2.1740589703392774e-22,0.15475368871068218,small
adult,1.0,5,kendall,10728,1483,0.7333333333333333,0.6,9130652.0,8.297697227470122e-21,0.1478149326470568,small
adult,1.0,5,jaccard,10728,1483,1.0,0.6666666666666666,9125894.5,1.8401243942890335e-25,0.14721686697309755,small
adult,1.0,6,spearman,10619,1592,0.7142857142857143,0.6571428571428573,9729168.5,1.824007996150271e-22,0.1510098401414739,small
adult,1.0,6,kendall,10619,1592,0.6,0.4666666666666666,9905826.5,4.111045443161166e-29,0.17190937501330938,small
adult,1.0,6,jaccard,10619,1592,0.6666666666666666,0.6666666666666666,10476405.5,9.364952009102463e-68,0.2394117564941196,small
adult,1.0,7,spearman,10729,1482,0.8285714285714287,0.7142857142857143,9859786.0,2.8404868682228046e-51,0.24019517020287195,small
adult,1.0,7,kendall,10729,1482,0.7333333333333333,0.6,10021623.0,1.2314902337160633e-60,0.26055154160486005,small
adult,1.0,7,jaccard,10729,1482,0.6666666666666666,0.6666666666666666,9687166.0,2.7023288045655985e-52,0.21848247884421368,small
adult,1.0,8,spearman,10782,1429,0.8857142857142858,0.7714285714285715,9469798.0,1.0527378528624248e-45,0.22924699292122952,small
adult,1.0,8,kendall,10782,1429,0.7333333333333333,0.6,9549135.5,3.237921114611746e-50,0.23954556352441325,small
adult,1.0,8,jaccard,10782,1429,1.0,0.6666666666666666,9655083.5,2.133854921800232e-69,0.25329836589739085,small
adult,1.0,9,spearman,10628,1583,0.8285714285714287,0.7999999999999999,9289585.0,1.5972160466335598e-11,0.10431722923582831,negligible
adult,1.0,9,kendall,10628,1583,0.7333333333333333,0.6,9437104.5,2.0839949042320412e-15,0.1218538926603252,negligible
adult,1.0,9,jaccard,10628,1583,0.6666666666666666,0.6666666666666666,8758119.5,0.0024971175410608668,0.04113824886216966,negligible
adult,1.0,10,spearman,10823,1388,0.7714285714285715,0.6571428571428573,9601577.0,1.605348672440308e-64,0.27830780377257214,small
adult,1.0,10,kendall,10823,1388,0.6,0.4666666666666666,9597445.5,2.760906592592394e-65,0.2777577557240811,small
adult,1.0,10,jaccard,10823,1388,0.6666666666666666,0.6666666666666666,10392291.5,2.642904434094178e-147,0.3835797310722362,medium
adult,1.0,11,spearman,10796,1415,0.7142857142857143,0.6785714285714287,8349889.0,1.0533090269565504e-08,0.0931792562878282,negligible
adult,1.0,11,kendall,10796,1415,0.6,0.5238095238095238,8420152.5,2.1681386706355328e-10,0.10237825290612812,negligible
adult,1.0,11,jaccard,10796,1415,0.6666666666666666,0.6666666666666666,10128636.5,2.728344989377143e-111,0.326055390230906,small
adult,1.0,12,spearman,10587,1624,0.8285714285714287,0.7142857142857143,10668666.0,1.1355660760223406e-55,0.24102684722084566,small
adult,1.0,12,kendall,10587,1624,0.7333333333333333,0.6,10755758.0,5.82278976468477e-61,0.2511577773838256,small
adult,1.0,12,jaccard,10587,1624,0.6666666666666666,0.6666666666666666,10706075.0,7.813609847713332e-71,0.24537842907069307,small
adult,1.0,13,spearman,10672,1539,0.5428571428571429,0.6,7331911.5,9.106170546675247e-12,-0.10718233719397607,negligible
adult,1.0,13,kendall,10672,1539,0.4666666666666666,0.4666666666666666,8005091.5,0.10620918884759935,-0.02520821704157672,negligible
adult,1.0,13,jaccard,10672,1539,0.6666666666666666,0.6666666666666666,10533674.5,1.536678725226054e-100,0.2827010593143975,small
adult,1.0,14,spearman,10695,1516,0.8857142857142858,0.7714285714285715,9627712.5,1.1375374322278834e-32,0.18760801104256797,small
adult,1.0,14,kendall,10695,1516,0.7333333333333333,0.6,9642246.5,1.200594616013406e-33,0.18940082473870734,small
adult,1.0,14,jaccard,10695,1516,0.6666666666666666,0.6666666666666666,9943176.0,1.1166318479560758e-58,0.22652140607711302,small
adult,1.0,15,spearman,10806,1405,0.8285714285714287,0.7714285714285715,9312999.5,5.793111281878911e-44,0.2268127697608353,small
adult,1.0,15,kendall,10806,1405,0.7333333333333333,0.6,9403249.0,5.638955198891614e-49,0.2387014463429109,small
adult,1.0,15,jaccard,10806,1405,0.6666666666666666,0.6666666666666666,9048742.5,3.5622635287298824e-39,0.1920018732179236,small
adult,1.0,16,spearman,10707,1504,0.7999999999999999,0.6571428571428573,10080927.5,7.186876486407648e-57,0.25203032565690764,small
adult,1.0,16,kendall,10707,1504,0.6,0.4666666666666666,10119847.0,1.1811610816284123e-59,0.25686404698457355,small
adult,1.0,16,jaccard,10707,1504,0.6666666666666666,0.6666666666666666,10034304.0,1.0769460268298138e-67,0.24623978347829723,small
adult,1.0,17,spearman,10699,1512,0.6785714285714287,0.6785714285714287,8165251.5,0.5486958278088503,0.009495954969831022,negligible
adult,1.0,17,kendall,10699,1512,0.6,0.5238095238095238,8824776.5,6.074912669972784e-09,0.09103512369004463,negligible
adult,1.0,17,jaccard,10699,1512,0.6666666666666666,0.6666666666666666,9052178.5,1.6050782994842607e-18,0.11914955459912924,negligible
adult,1.0,18,spearman,10766,1445,0.8285714285714287,0.7714285714285715,8267840.5,9.458480492576278e-05,0.06291824769378418,negligible
adult,1.0,18,kendall,10766,1445,0.7333333333333333,0.6,8321249.0,1.2826559318959138e-05,0.06978447464046433,negligible
adult,1.0,18,jaccard,10766,1445,0.6666666666666666,0.6666666666666666,7730775.5,0.6635500531395202,-0.006127132257324308,negligible
adult,1.0,19,spearman,10770,1441,0.7714285714285715,0.7714285714285715,8131538.5,0.002999871616088921,0.047907706205777556,negligible
adult,1.0,19,kendall,10770,1441,0.6,0.6,8358590.5,1.307869532152676e-06,0.07716779524174955,negligible
adult,1.0,19,jaccard,10770,1441,0.6666666666666666,0.6666666666666666,8399949.5,6.586304574541704e-10,0.08249771095462055,negligible
adult,1.5,0,spearman,10729,1482,0.7142857142857144,0.6571428571428573,9254998.5,8.875262611378696e-25,0.16412307933811388,small
adult,1.5,0,kendall,10729,1482,0.6,0.4666666666666666,9284882.5,3.68203666090629e-26,0.16788198368617402,small
adult,1.5,0,jaccard,10729,1482,0.6666666666666666,0.6666666666666666,9627694.0,1.911049441243852e-49,0.21100190196736213,small
adult,1.5,1,spearman,10751,1460,0.7,0.642857142857143,8834821.5,5.335701664341154e-15,0.1257087903896803,negligible
adult,1.5,1,kendall,10751,1460,0.6,0.4666666666666666,8986486.0,1.116549429533013e-19,0.14503346614459556,negligible
adult,1.5,1,jaccard,10751,1460,0.6666666666666666,0.6666666666666666,9163986.5,1.2262399464371051e-31,0.16765009435248457,small
adult,1.5,2,spearman,10726,1485,0.7714285714285715,0.7,9382906.5,5.626679455946716e-29,0.17815691880580942,small
adult,1.5,2,kendall,10726,1485,0.6,0.6,9409986.5,1.983818640763903e-30,0.1815571966793299,small
adult,1.5,2,jaccard,10726,1485,0.6666666666666666,0.6666666666666666,9890373.5,5.3836492927486665e-64,0.2418765942726413,small
adult,1.5,3,spearman,10704,1507,0.6571428571428573,0.642857142857143,8764010.0,4.7097076285754234e-08,0.08660952426295632,negligible
adult,1.5,3,kendall,10704,1507,0.5238095238095238,0.4666666666666666,8900330.0,4.737378447883505e-11,0.10351121770551575,negligible
adult,1.5,3,jaccard,10704,1507,0.6666666666666666,0.6666666666666666,10631827.5,2.276365068086322e-112,0.3181916750232845,small
adult,1.5,4,spearman,10514,1697,0.8285714285714287,0.6571428571428573,11897710.5,5.770592442146544e-109,0.33365524699844595,medium
adult,1.5,4,kendall,10514,1697,0.6190476190476191,0.4666666666666666,12055294.0,1.3777349456340011e-121,0.35131932292426216,medium
adult,1.5,4,jaccard,10514,1697,0.6666666666666666,0.6666666666666666,10410431.0,2.214819207706273e-35,0.1669409779860822,small
adult,1.5,5,spearman,10728,1483,0.7142857142857143,0.6571428571428573,9055235.0,4.629785029430695e-18,0.1383342560452716,negligible
adult,1.5,5,kendall,10728,1483,0.6,0.4666666666666666,9189193.0,1.228239936958301e-22,0.15517412605099912,small
adult,1.5,5,jaccard,10728,1483,0.6666666666666666,0.6666666666666666,9853395.5,1.1158938991587085e-62,0.23867107104479657,small
adult,1.5,6,spearman,10619,1592,0.7714285714285715,0.6785714285714287,10283923.5,1.7933671101477646e-44,0.2166401623902543,small
adult,1.5,6,kendall,10619,1592,0.6,0.4666666666666666,10553025.5,8.13198899636436e-59,0.2484762900101789,small
adult,1.5,6,jaccard,10619,1592,0.6666666666666666,0.6666666666666666,9810731.0,5.799674041709786e-32,0.16065909640489862,small
adult,1.5,7,spearman,10729,1482,0.7714285714285715,0.642857142857143,10456274.0,7.608508397841167e-87,0.3152233236216144,small
adult,1.5,7,kendall,10729,1482,0.6,0.4666666666666666,10607177.5,3.027602509000694e-98,0.33420444469936506,medium
adult,1.5,7,jaccard,10729,1482,0.6666666666666666,0.6666666666666666,9787247.5,1.3876288401382868e-57,0.2310710474933364,small
adult,1.5,8,spearman,10782,1429,0.7142857142857143,0.7,8100138.5,0.0015103335911273716,0.051455468571819374,negligible
adult,1.5,8,kendall,10782,1429,0.6,0.6,8190206.5,8.259077092714971e-05,0.06314693423544071,negligible
adult,1.5,8,jaccard,10782,1429,0.6666666666666666,0.6666666666666666,9633552.0,3.0010369958448105e-66,0.25050342437613726,small
adult,1.5,9,spearman,10628,1583,0.7,0.6785714285714287,8637152.0,0.08485704932953345,0.026758005349936775,negligible
adult,1.5,9,kendall,10628,1583,0.6,0.4666666666666666,8976207.5,1.3373254394594036e-05,0.06706387803608682,negligible
adult,1.5,9,jaccard,10628,1583,0.6666666666666666,0.6666666666666666,9423909.0,6.240585662184186e-19,0.12028525229604825,negligible
adult,1.5,10,spearman,10823,1388,0.7714285714285715,0.642857142857143,9231972.0,3.145321879514793e-44,0.2291003708880197,small
adult,1.5,10,kendall,10823,1388,0.6,0.4666666666666666,9248088.5,1.1943575868295197e-45,0.23124604422058792,small
adult,1.5,10,jaccard,10823,1388,0.6666666666666666,0.6666666666666666,10163607.5,5.578294421467638e-126,0.3531338426730777,medium
adult,1.5,11,spearman,10796,1415,0.7,0.6,8504162.0,3.442364564574141e-12,0.11337689525108763,negligible
adult,1.5,11,kendall,10796,1415,0.6,0.4666666666666666,8855887.5,4.2223755802491955e-23,0.1594252942786034,small
adult,1.5,11,jaccard,10796,1415,0.6666666666666666,0.6666666666666666,9884512.0,4.42958356154882e-90,0.2940942660349273,small
adult,1.5,12,spearman,10587,1624,0.7142857142857143,0.642857142857143,10078634.0,3.111583156499016e-29,0.17239169145540978,small
adult,1.5,12,kendall,10587,1624,0.6,0.4666666666666666,10213732.0,6.234824459333516e-35,0.18810689380646672,small
adult,1.5,12,jaccard,10587,1624,0.6666666666666666,0.6666666666666666,10522991.0,1.3615621481387223e-59,0.22408128102082636,small
adult,1.5,13,spearman,10672,1539,0.5357142857142858,0.6,6803044.5,1.0090054755285762e-27,-0.17158325077227465,small
adult,1.5,13,kendall,10672,1539,0.39999999999999997,0.4666666666666666,7266447.5,1.8933299004375817e-13,-0.11515398489838902,negligible
adult,1.5,13,jaccard,10672,1539,0.6666666666666666,0.6666666666666666,10192450.0,2.7808290481533908e-70,0.24114964934686656,small
adult,1.5,14,spearman,10695,1516,0.7714285714285715,0.6571428571428573,10193424.0,1.3175140393547606e-59,0.257390268181936,small
adult,1.5,14,kendall,10695,1516,0.6,0.4666666666666666,10386101.0,1.2683220858465743e-71,0.2811575699936226,small
adult,1.5,14,jaccard,10695,1516,0.6666666666666666,0.6666666666666666,10379208.5,4.5190751081995846e-88,0.2803073588748226,small
adult,1.5,15,spearman,10806,1405,0.7999999999999999,0.7142857142857143,9067456.0,9.436067814155685e-33,0.19446702537077387,small
adult,1.5,15,kendall,10806,1405,0.6,0.6,9018237.0,3.4044152667207234e-31,0.18798334653938786,small
adult,1.5,15,jaccard,10806,1405,0.6666666666666666,0.6666666666666666,9681185.5,1.1979187942284596e-78,0.27531436008596777,small
adult,1.5,16,spearman,10707,1504,0.7714285714285715,0.6571428571428573,9411908.0,1.815154976001161e-26,0.1689394887814495,small
adult,1.5,16,kendall,10707,1504,0.6,0.4666666666666666,9397449.5,2.9856482793645135e-26,0.16714377301387628,small
adult,1.5,16,jaccard,10707,1504,0.6666666666666666,0.6666666666666666,9722139.0,9.806691176479491e-49,0.20746953673178603,small
adult,1.5,17,spearman,10699,1512,0.7999999999999999,0.6571428571428573,10312595.5,1.2342583260654781e-67,0.2749789081806093,small
adult,1.5,17,kendall,10699,1512,0.6,0.4666666666666666,10441665.0,3.7565131552949945e-76,0.29093618006133193,small
adult,1.5,17,jaccard,10699,1512,0.6666666666666666,0.6666666666666666,10520009.5,2.845979884019636e-100,0.300622159218757,small
adult,1.5,18,spearman,10766,1445,0.7142857142857143,0.7,8443377.5,1.180281924637024e-07,0.08548538362794056,negligible
adult,1.5,18,kendall,10766,1445,0.6,0.6,8559773.5,3.2222915840098017e-10,0.1004493191753868,negligible
adult,1.5,18,jaccard,10766,1445,0.6666666666666666,0.6666666666666666,9513588.0,1.7387410805850813e-54,0.2230722503948417,small
adult,1.5,19,spearman,10770,1441,0.6,0.642857142857143,7226780.5,2.1439381983678784e-05,-0.0686880499910758,negligible
adult,1.5,19,kendall,10770,1441,0.4666666666666666,0.4666666666666666,7635450.5,0.31863370802356605,-0.016022931047703026,negligible
adult,1.5,19,jaccard,10770,1441,0.6666666666666666,0.6666666666666666,9048859.0,3.442673970144321e-34,0.16612238612281138,small
adult,2.0,0,spearman,10729,1482,0.5428571428571429,0.6,7263649.5,6.574827230307811e-08,-0.08635511684061847,negligible
adult,2.0,0,kendall,10729,1482,0.39999999999999997,0.4285714285714286,7570621.5,0.0026980263391357794,-0.0477432045955134,negligible
adult,2.0,0,jaccard,10729,1482,0.6666666666666666,0.6666666666666666,9787063.0,9.446909580943598e-60,0.23104784049787996,small
adult,2.0,1,spearman,10751,1460,0.5428571428571429,0.5428571428571429,8092607.5,0.05297124024434585,0.031137912624884745,negligible
adult,2.0,1,kendall,10751,1460,0.4285714285714286,0.33333333333333337,8545844.0,2.8780570153006523e-08,0.0888880677554047,negligible
adult,2.0,1,jaccard,10751,1460,0.6666666666666666,0.6666666666666666,9750328.5,1.1366160190692914e-62,0.24236018822078353,small
adult,2.0,2,spearman,10726,1485,0.6,0.6785714285714287,6863535.5,4.9723630634984535e-18,-0.13818582367901777,negligible
adult,2.0,2,kendall,10726,1485,0.4666666666666666,0.5238095238095238,6793151.0,2.5064312685876505e-20,-0.1470235953920459,small
adult,2.0,2,jaccard,10726,1485,0.6666666666666666,0.6666666666666666,9104098.5,6.592575468032125e-24,0.1431486221529108,negligible
adult,2.0,3,spearman,10704,1507,0.7714285714285715,0.6571428571428573,9596336.0,4.890322088130067e-33,0.18980581898325988,small
adult,2.0,3,kendall,10704,1507,0.6,0.4666666666666666,9740177.0,1.1716802878920438e-39,0.20764000682415795,small
adult,2.0,3,jaccard,10704,1507,0.6666666666666666,0.6666666666666666,9495424.0,4.453731322602503e-37,0.17729420154872666,small
adult,2.0,4,spearman,10514,1697,0.7714285714285715,0.7,10411831.0,1.318566791802436e-28,0.1670979087960729,small
adult,2.0,4,kendall,10514,1697,0.6,0.5238095238095238,10460458.5,4.562555143657252e-31,0.17254873234094026,small
adult,2.0,4,jaccard,10514,1697,0.6666666666666666,0.6666666666666666,10238323.0,4.496977106696654e-28,0.14764880095333233,small
adult,2.0,5,spearman,10728,1483,0.6,0.6,7550951.5,0.0014797110001759446,-0.050769333077890444,negligible
adult,2.0,5,kendall,10728,1483,0.4285714285714286,0.4666666666666666,7679010.0,0.02933622276117835,-0.03467108964988741,negligible
adult,2.0,5,jaccard,10728,1483,0.6666666666666666,0.6666666666666666,9297034.0,1.0740437590769059e-32,0.1687308260710625,small
adult,2.0,6,spearman,10619,1592,0.6,0.6,8217100.5,0.07213105880033617,-0.027875451747862545,negligible
adult,2.0,6,kendall,10619,1592,0.4666666666666666,0.4285714285714286,8475189.5,0.8632834128083402,0.0026577822723183875,negligible
adult,2.0,6,jaccard,10619,1592,0.6666666666666666,0.6666666666666666,9543479.5,3.791664539392523e-20,0.129041892294129,negligible
adult,2.0,7,spearman,10729,1482,0.6,0.642857142857143,7321674.5,7.450383205916681e-07,-0.07905654821539465,negligible
adult,2.0,7,kendall,10729,1482,0.4666666666666666,0.4666666666666666,7766453.0,0.14520998200261379,-0.023110897112005757,negligible
adult,2.0,7,jaccard,10729,1482,0.6666666666666666,0.6666666666666666,9499828.5,6.4927073958773e-45,0.19491857363390985,small
adult,2.0,8,spearman,10782,1429,0.6,0.6,7272864.5,0.0005720541846000103,-0.055930568260425195,negligible
adult,2.0,8,kendall,10782,1429,0.39999999999999997,0.4285714285714286,7521011.5,0.14202205370839144,-0.023719326420586162,negligible
adult,2.0,8,jaccard,10782,1429,0.6666666666666666,0.6666666666666666,9626517.5,1.529847990243551e-65,0.24959029634830565,small
adult,2.0,9,spearman,10628,1583,0.4285714285714286,0.5714285714285715,6662432.0,7.525188860457108e-41,-0.2079906210867205,small
adult,2.0,9,kendall,10628,1583,0.3333333333333333,0.4285714285714286,7567097.5,8.34024920956232e-11,-0.10044677511887101,negligible
adult,2.0,9,jaccard,10628,1583,0.6666666666666666,0.6666666666666666,9847594.0,5.871458488803083e-39,0.17065161906795256,small
adult,2.0,10,spearman,10823,1388,0.7714285714285715,0.6,9429808.0,1.59333996150535e-54,0.2554393048638812,small
adult,2.0,10,kendall,10823,1388,0.6,0.4666666666666666,9582457.5,5.137819102714933e-64,0.2757623254564341,small
adult,2.0,10,jaccard,10823,1388,0.6666666666666666,0.6666666666666666,9852232.0,5.7306699942872834e-99,0.3116788054897497,small
adult,2.0,11,spearman,10796,1415,0.7,0.6,9001632.5,6.528501251936624e-28,0.17850643544199718,small
adult,2.0,11,kendall,10796,1415,0.6,0.4285714285714286,9161753.5,8.776842970114107e-35,0.19946970282148735,small
adult,2.0,11,jaccard,10796,1415,0.6666666666666666,0.6666666666666666,9824732.0,8.321681869480574e-86,0.28626778403727604,small
adult,2.0,12,spearman,10587,1624,0.642857142857143,0.6,8854254.0,0.0511287970798797,0.02996634500626061,negligible
adult,2.0,12,kendall,10587,1624,0.4666666666666666,0.4666666666666666,8762878.5,0.2048104409846152,0.019337139004476533,negligible
adult,2.0,12,jaccard,10587,1624,0.6666666666666666,0.6666666666666666,10814792.0,1.6063295604647347e-79,0.2580248757538406,small
adult,2.0,13,spearman,10672,1539,0.4285714285714286,0.5428571428571429,6816445.5,3.341607078457958e-27,-0.16995139126343262,small
adult,2.0,13,kendall,10672,1539,0.3333333333333333,0.33333333333333337,7212155.5,8.30451440122363e-15,-0.12176520170713867,negligible
adult,2.0,13,jaccard,10672,1539,0.6666666666666666,0.6666666666666666,10199657.0,2.2028249515465922e-68,0.2420272563523307,small
adult,2.0,14,spearman,10695,1516,0.6571428571428573,0.6,8374443.5,0.03690830352789574,0.0330134171147467,negligible
adult,2.0,14,kendall,10695,1516,0.4666666666666666,0.4666666666666666,8389390.5,0.02621983166597739,0.03485717563381896,negligible
adult,2.0,14,jaccard,10695,1516,0.6666666666666666,0.6666666666666666,10332001.5,3.2644560119682393e-84,0.27448422992521104,small
adult,2.0,15,spearman,10806,1405,0.7142857142857143,0.642857142857143,9054376.5,4.111860806968991e-32,0.19274404690158287,small
adult,2.0,15,kendall,10806,1405,0.6,0.4666666666666666,9138891.0,3.461327645205976e-36,0.20387724494695503,small
adult,2.0,15,jaccard,10806,1405,0.6666666666666666,0.6666666666666666,9529451.5,1.6107159109743626e-67,0.25532625541497644,small
adult,2.0,16,spearman,10707,1504,0.6571428571428573,0.6571428571428573,7889530.5,0.20463177912035924,-0.02013664504629109,negligible
adult,2.0,16,kendall,10707,1504,0.4666666666666666,0.4666666666666666,7754336.5,0.0191644727180745,-0.0369274599635554,negligible
adult,2.0,16,jaccard,10707,1504,0.6666666666666666,0.6666666666666666,9614633.5,1.8213596845982285e-43,0.1941175761929459,small
adult,2.0,17,spearman,10699,1512,0.6785714285714287,0.6,9449574.5,2.2859271293501924e-26,0.16828088319582846,small
adult,2.0,17,kendall,10699,1512,0.4666666666666666,0.4285714285714286,9515119.0,3.5216982233561595e-29,0.17638435773308192,small
adult,2.0,17,jaccard,10699,1512,0.6666666666666666,0.6666666666666666,9889855.5,4.672997293501681e-56,0.22271422043597022,small
adult,2.0,18,spearman,10766,1445,0.7,0.6071428571428572,9278066.0,7.404621701986666e-33,0.1927934089569432,small
adult,2.0,18,kendall,10766,1445,0.6,0.4666666666666666,9405491.0,6.57648797362734e-39,0.2091752389780206,small
adult,2.0,18,jaccard,10766,1445,0.6666666666666666,0.6666666666666666,9482897.5,6.92269263444056e-53,0.21912666236845846,small
adult,2.0,19,spearman,10770,1441,0.5428571428571429,0.6,6732203.0,2.643465746913036e-16,-0.1324240297894852,negligible
adult,2.0,19,kendall,10770,1441,0.4285714285714286,0.4285714285714286,7584877.0,0.16086096894779067,-0.022540315227805974,negligible
adult,2.0,19,jaccard,10770,1441,0.6666666666666666,0.6666666666666666,9074103.5,5.062717988180691e-35,0.169375633474381,small
