dataset,lambda,seed,coverage_original,avg_set_size_original,ess_fraction,shift_mean_before,shift_mean_after,shift_sd_units
telco,0.0,0,0.90386803185438,1.273037542662116,1.0000000000000004,32.14960182025028,32.135949943117176,-0.000555473491736603
telco,0.0,1,0.8896473265073948,1.2366325369738338,1.0000000000000004,31.84698521046644,32.01137656427759,0.006724010897104176
telco,0.0,2,0.8936291240045506,1.254835039817975,1.0000000000000004,31.5773606370876,31.835608646188852,0.010567962803795253
telco,0.0,3,0.9004550625711035,1.28839590443686,1.0000000000000004,32.321956769055745,32.28896473265074,-0.001338891056425157
telco,0.0,4,0.8828213879408419,1.2303754266211604,1.0000000000000004,33.022184300341294,32.100682593856654,-0.037686374511111745
telco,0.0,5,0.8890784982935154,1.2679180887372015,1.0000000000000004,32.496587030716725,32.593287827076225,0.003971720196953802
telco,0.0,6,0.9197952218430034,1.2804323094425483,1.0000000000000004,31.811717861205917,31.773037542662117,-0.00156918985601706
telco,0.0,7,0.9044368600682594,1.2457337883959045,1.0000000000000004,32.71103526734926,33.06200227531286,0.01427699362024503
telco,0.0,8,0.906712172923777,1.28839590443686,1.0000000000000004,32.87599544937429,32.76450511945392,-0.004481790538035774
telco,0.0,9,0.8845278725824801,1.2349260523321957,1.0000000000000004,32.563139931740615,32.09442548350398,-0.018993157126933533
telco,0.0,10,0.8902161547212741,1.254835039817975,1.0000000000000004,32.39533560864619,32.35381114903299,-0.001699369462256618
telco,0.0,11,0.8976109215017065,1.2679180887372015,1.0000000000000004,32.5193401592719,32.23947667804323,-0.0115164420201224
telco,0.0,12,0.891353811149033,1.2690557451649602,1.0000000000000004,32.562571103526736,32.767918088737204,0.008344139693502305
telco,0.0,13,0.9101251422070534,1.2724687144482367,1.0000000000000004,32.833333333333336,32.725824800910125,-0.00435320954812375
telco,0.0,14,0.9061433447098977,1.2656427758816837,1.0000000000000004,32.985779294653014,32.605233219567694,-0.015332308111341054
telco,0.0,15,0.8833902161547212,1.242320819112628,1.0000000000000004,32.84926052332196,32.86632536973834,0.0006894675591022169
telco,0.0,16,0.9061433447098977,1.2844141069397041,1.0000000000000004,32.18202502844141,32.36689419795222,0.00751402354418882
telco,0.0,17,0.8845278725824801,1.2525597269624573,1.0000000000000004,32.28270762229807,32.55915813424346,0.011178151436914982
telco,0.0,18,0.9078498293515358,1.2781569965870307,1.0000000000000004,32.83276450511946,32.57622298065984,-0.010370352012682382
telco,0.0,19,0.9129692832764505,1.2997724687144483,1.0000000000000004,32.02901023890785,32.98976109215017,0.03940964156108746
telco,0.5,0,0.90386803185438,1.273037542662116,0.7941052722386167,32.14960182025028,43.67235494880546,0.46884277175447797
telco,0.5,1,0.8896473265073948,1.2366325369738338,0.7934656676156117,31.84698521046644,44.22184300341297,0.5061621351781987
telco,0.5,2,0.8936291240045506,1.254835039817975,0.7904923947245966,31.5773606370876,44.84926052332196,0.5431094892910814
telco,0.5,3,0.9004550625711035,1.28839590443686,0.7962308954890677,32.321956769055745,44.83276450511946,0.5077167223278481
telco,0.5,4,0.8828213879408419,1.2303754266211604,0.7972937349351222,33.022184300341294,44.389078498293514,0.46486840855280676
telco,0.5,5,0.8890784982935154,1.2679180887372015,0.7956025545380112,32.496587030716725,43.864050056882824,0.46688739068191043
telco,0.5,6,0.9197952218430034,1.2804323094425483,0.7922791581763929,31.811717861205917,43.59783845278726,0.478141379656954
telco,0.5,7,0.9044368600682594,1.2457337883959045,0.7962687448252561,32.71103526734926,46.06712172923777,0.5433124962777175
telco,0.5,8,0.906712172923777,1.28839590443686,0.7976973379938965,32.87599544937429,45.26393629124004,0.4979818078435844
telco,0.5,9,0.8845278725824801,1.2349260523321957,0.7964013516412868,32.563139931740615,44.72070534698521,0.4926465379538238
telco,0.5,10,0.8902161547212741,1.254835039817975,0.7944018054041674,32.39533560864619,44.45335608646189,0.4934689569988103
telco,0.5,11,0.8976109215017065,1.2679180887372015,0.7960371853390935,32.5193401592719,44.8316268486917,0.5066532266779505
telco,0.5,12,0.891353811149033,1.2690557451649602,0.7960498356726899,32.562571103526736,45.60864618885097,0.5301186810816443
telco,0.5,13,0.9101251422070534,1.2724687144482367,0.7969912584658726,32.833333333333336,44.89249146757679,0.4882965207419122
telco,0.5,14,0.9061433447098977,1.2656427758816837,0.7972229682398769,32.985779294653014,45.3674630261661,0.4988615107018901
telco,0.5,15,0.8833902161547212,1.242320819112628,0.7974222736297165,32.84926052332196,45.36632536973834,0.5057244546014883
telco,0.5,16,0.9061433447098977,1.2844141069397041,0.7953998463522013,32.18202502844141,44.118885096700794,0.4851747202301511
telco,0.5,17,0.8845278725824801,1.2525597269624573,0.7941970130273005,32.28270762229807,44.7650739476678,0.5047188377194715
telco,0.5,18,0.9078498293515358,1.2781569965870307,0.7967681717380249,32.83276450511946,44.791808873720136,0.48342856034286863
telco,0.5,19,0.9129692832764505,1.2997724687144483,0.793463418710683,32.02901023890785,43.51877133105802,0.47130571337620414
telco,1.0,0,0.90386803185438,1.273037542662116,0.5217704323693854,32.14960182025028,54.329920364050054,0.9024824109701511
telco,1.0,1,0.8896473265073948,1.2366325369738338,0.5187342831824331,31.84698521046644,53.94653014789534,0.9039257694234979
telco,1.0,2,0.8936291240045506,1.254835039817975,0.511922089462711,31.5773606370876,54.30034129692833,0.9298643394784342
telco,1.0,3,0.9004550625711035,1.28839590443686,0.5267186018760704,32.321956769055745,54.29920364050057,0.8918861182076357
telco,1.0,4,0.8828213879408419,1.2303754266211604,0.5298656610321748,33.022184300341294,54.4641638225256,0.8769061032076291
telco,1.0,5,0.8890784982935154,1.2679180887372015,0.5233186940609069,32.496587030716725,54.30147895335609,0.895576178293118
telco,1.0,6,0.9197952218430034,1.2804323094425483,0.5179717286516403,31.811717861205917,53.92662116040955,0.8971612238563251
telco,1.0,7,0.9044368600682594,1.2457337883959045,0.5263397896693169,32.71103526734926,55.10182025028441,0.9108351699735857
telco,1.0,8,0.906712172923777,1.28839590443686,0.5323384880798914,32.87599544937429,54.71103526734926,0.8777449571073485
telco,1.0,9,0.8845278725824801,1.2349260523321957,0.528384469518236,32.563139931740615,54.219567690557454,0.8775576190978328
telco,1.0,10,0.8902161547212741,1.254835039817975,0.520806906340199,32.39533560864619,54.110921501706486,0.8887003916589578
telco,1.0,11,0.8976109215017065,1.2679180887372015,0.5253170291797493,32.5193401592719,54.72411831626849,0.913731363206305
telco,1.0,12,0.891353811149033,1.2690557451649602,0.5262684956237058,32.562571103526736,53.99488054607509,0.8708877988137865
telco,1.0,13,0.9101251422070534,1.2724687144482367,0.5289306309219015,32.833333333333336,54.978953356086464,0.8967151012039686
telco,1.0,14,0.9061433447098977,1.2656427758816837,0.531613110807788,32.985779294653014,55.37883959044368,0.9022226807461434
telco,1.0,15,0.8833902161547212,1.242320819112628,0.5300078675716323,32.84926052332196,54.74288964732651,0.8845638960761955
telco,1.0,16,0.9061433447098977,1.2844141069397041,0.5256966723262456,32.18202502844141,53.45051194539249,0.8644595086683514
telco,1.0,17,0.8845278725824801,1.2525597269624573,0.5228860534470484,32.28270762229807,54.997155858930604,0.9184484427549191
telco,1.0,18,0.9078498293515358,1.2781569965870307,0.5289657795691608,32.83276450511946,55.29351535836177,0.9079461631325396
telco,1.0,19,0.9129692832764505,1.2997724687144483,0.5183953927002999,32.02901023890785,53.03754266211604,0.8617621620933387
telco,1.5,0,0.90386803185438,1.273037542662116,0.3742166254003505,32.14960182025028,60.256541524459614,1.1436273405702848
telco,1.5,1,0.8896473265073948,1.2366325369738338,0.36908247397143756,31.84698521046644,60.29522184300341,1.163602882304393
telco,1.5,2,0.8936291240045506,1.254835039817975,0.3627943630784484,31.5773606370876,60.32707622298066,1.176488933985506
telco,1.5,3,0.9004550625711035,1.28839590443686,0.37888378632173114,32.321956769055745,60.16268486916951,1.129839376994371
telco,1.5,4,0.8828213879408419,1.2303754266211604,0.3836165569955135,33.022184300341294,60.93117178612059,1.1413853574155488
telco,1.5,5,0.8890784982935154,1.2679180887372015,0.37341937124335595,32.496587030716725,60.57110352673492,1.1530838254156166
telco,1.5,6,0.9197952218430034,1.2804323094425483,0.370794998060297,31.811717861205917,60.44709897610922,1.1616850962022551
telco,1.5,7,0.9044368600682594,1.2457337883959045,0.37849636108443485,32.71103526734926,61.193401592719,1.1586347237486316
telco,1.5,8,0.906712172923777,1.28839590443686,0.3877773232795922,32.87599544937429,60.99943117178612,1.130531663219518
telco,1.5,9,0.8845278725824801,1.2349260523321957,0.38232735343791363,32.563139931740615,60.785551763367465,1.1436231685106895
telco,1.5,10,0.8902161547212741,1.254835039817975,0.3715108044081853,32.39533560864619,61.039249146757676,1.1722390224847672
telco,1.5,11,0.8976109215017065,1.2679180887372015,0.3765603335624856,32.5193401592719,60.407849829351534,1.1476181287857032
telco,1.5,12,0.891353811149033,1.2690557451649602,0.3789281827409944,32.562571103526736,60.91296928327645,1.1519997848314434
telco,1.5,13,0.9101251422070534,1.2724687144482367,0.3824388695361245,32.833333333333336,61.33731513083049,1.1541763516215675
telco,1.5,14,0.9061433447098977,1.2656427758816837,0.38800761539599293,32.985779294653014,60.95733788395904,1.1269819418043248
telco,1.5,15,0.8833902161547212,1.242320819112628,0.38344418224940885,32.84926052332196,61.19965870307167,1.1454354381885106
telco,1.5,16,0.9061433447098977,1.2844141069397041,0.37905294214330426,32.18202502844141,59.455062571103525,1.1085149933835992
telco,1.5,17,0.8845278725824801,1.2525597269624573,0.3765253219768999,32.28270762229807,60.92718998862343,1.1582266911702257
telco,1.5,18,0.9078498293515358,1.2781569965870307,0.382944369372406,32.83276450511946,60.9419795221843,1.1362778604406012
telco,1.5,19,0.9129692832764505,1.2997724687144483,0.3686069941858033,32.02901023890785,60.26450511945392,1.1582094658432607
telco,2.0,0,0.90386803185438,1.273037542662116,0.2972931829214827,32.14960182025028,63.95676905574516,1.2941838015597145
telco,2.0,1,0.8896473265073948,1.2366325369738338,0.2909135623833772,31.84698521046644,64.00796359499431,1.3154631560946985
telco,2.0,2,0.8936291240045506,1.254835039817975,0.28637838867270354,31.5773606370876,63.89761092150171,1.322601494600975
telco,2.0,3,0.9004550625711035,1.28839590443686,0.30087812839603656,32.321956769055745,63.544937428896475,1.26709879460651
telco,2.0,4,0.8828213879408419,1.2303754266211604,0.30683592127266435,33.022184300341294,64.03356086461889,1.2682628182696254
telco,2.0,5,0.8890784982935154,1.2679180887372015,0.2946312711996116,32.496587030716725,64.24744027303754,1.3040792820798073
telco,2.0,6,0.9197952218430034,1.2804323094425483,0.29466028676451295,31.811717861205917,64.3896473265074,1.3216270799089322
telco,2.0,7,0.9044368600682594,1.2457337883959045,0.3010739665655168,32.71103526734926,63.84869169510808,1.2666493205384266
telco,2.0,8,0.906712172923777,1.28839590443686,0.3118498185937111,32.87599544937429,63.949374288964734,1.249116182251423
telco,2.0,9,0.8845278725824801,1.2349260523321957,0.3054462949912866,32.563139931740615,63.90443686006826,1.270006033227894
telco,2.0,10,0.8902161547212741,1.254835039817975,0.29370703407038157,32.39533560864619,64.5551763367463,1.3161267299670603
telco,2.0,11,0.8976109215017065,1.2679180887372015,0.29807610470798945,32.5193401592719,63.49829351535836,1.2747905464591294
telco,2.0,12,0.891353811149033,1.2690557451649602,0.301762837564538,32.562571103526736,64.46359499431172,1.2962771254598113
telco,2.0,13,0.9101251422070534,1.2724687144482367,0.3057883361238314,32.833333333333336,64.38737201365188,1.2776785188016684
telco,2.0,14,0.9061433447098977,1.2656427758816837,0.3132012656341081,32.985779294653014,63.80546075085324,1.2417336110322554
telco,2.0,15,0.8833902161547212,1.242320819112628,0.30636601697564064,32.84926052332196,64.32252559726962,1.271608001504219
telco,2.0,16,0.9061433447098977,1.2844141069397041,0.30197693369267337,32.18202502844141,63.34357224118316,1.2665638086084412
telco,2.0,17,0.8845278725824801,1.2525597269624573,0.30047942820451884,32.28270762229807,64.54323094425483,1.304439672002466
telco,2.0,18,0.9078498293515358,1.2781569965870307,0.30645791947457723,32.83276450511946,64.46643913538111,1.2787494814396694
telco,2.0,19,0.9129692832764505,1.2997724687144483,0.2906125396305759,32.02901023890785,63.58703071672355,1.2944982262685496
adult,0.0,0,0.8991073622143969,1.1213659814920973,0.9999999999999999,38.68888706903611,38.772172631234135,0.0061038475276362705
adult,0.0,1,0.9007452297109164,1.1195643272459257,0.9999999999999999,38.69380067152567,38.710261239865694,0.0012105541919387687
adult,0.0,2,0.9012365899598722,1.1216116616165752,0.9999999999999999,38.63008762591107,38.708377692244696,0.005723857018289715
adult,0.0,3,0.8990254688395709,1.1234133158627466,0.9999999999999999,38.54966833183195,38.46261567439194,-0.006383703925376453
adult,0.0,4,0.9087707804438621,1.1389730570796823,0.9999999999999999,38.63229874703136,38.69658504626976,0.004716692570213127
adult,0.0,5,0.9000081893374826,1.1214478748669232,0.9999999999999999,38.49471787732372,38.46654655638359,-0.002053806693795816
adult,0.0,6,0.9045942183277372,1.1303742527229548,0.9999999999999999,38.6582589468512,38.58136106788961,-0.005576726658339008
adult,0.0,7,0.9036933912046515,1.1213659814920973,0.9999999999999999,38.68168045205143,38.61788551306199,-0.004640442537896796
adult,0.0,8,0.8966505609696176,1.1170256326263206,0.9999999999999999,38.653017770862334,38.832937515355006,0.013224187941281029
adult,0.0,9,0.9062320858242568,1.1296372123495209,0.9999999999999999,38.67619359593809,38.64384571288183,-0.0023457837408988255
adult,0.0,10,0.8964048808451396,1.1136680042584555,0.9999999999999999,38.45467201703382,38.4867742199656,0.0023450366693442792
adult,0.0,11,0.8941118663500123,1.1158791253787568,0.9999999999999999,38.788223732700025,38.84374744083204,0.00405592022421203
adult,0.0,12,0.9068872328228647,1.132994840717386,0.9999999999999999,38.689951682908855,38.73433789206453,0.003239859692083011
adult,0.0,13,0.9009090164605683,1.126033903857178,0.9999999999999999,38.41274260912292,38.5992957169765,0.013607248542175213
adult,0.0,14,0.9009909098353943,1.1241503562361805,0.9999999999999999,38.70714929162231,38.61510113831791,-0.006734467012274527
adult,0.0,15,0.8994349357137008,1.1150601916304972,0.9999999999999999,38.583408402260254,38.469740398001804,-0.008304287455554489
adult,0.0,16,0.8983703218409631,1.1231676357382687,0.9999999999999999,38.662763082466626,38.67414626156744,0.0008307612812291356
adult,0.0,17,0.8983703218409631,1.1238227827368765,0.9999999999999999,38.684874293669644,38.6541642781099,-0.00223202659976972
adult,0.0,18,0.8996806158381787,1.1183359266235362,0.9999999999999999,38.54123331422488,38.447629186798785,-0.006810083958078032
adult,0.0,19,0.8937023994758824,1.1180083531242322,0.9999999999999999,38.59511915486037,38.40119564327246,-0.014172308207338736
adult,0.5,0,0.8991073622143969,1.1213659814920973,0.7371779878052427,38.68888706903611,46.285807878142656,0.5567645228600624
adult,0.5,1,0.9007452297109164,1.1195643272459257,0.740658403362506,38.69380067152567,46.23462451887642,0.5545723410343556
adult,0.5,2,0.9012365899598722,1.1216116616165752,0.7399447023517179,38.63008762591107,46.354025059372695,0.5647039983201475
adult,0.5,3,0.8990254688395709,1.1234133158627466,0.738571018900408,38.54966833183195,46.08377692244697,0.5524876551558965
adult,0.5,4,0.9087707804438621,1.1389730570796823,0.7382311483574789,38.63229874703136,46.31692736057653,0.5638220136446542
adult,0.5,5,0.9000081893374826,1.1214478748669232,0.7352457651633459,38.49471787732372,45.98812546065023,0.5463006398131764
adult,0.5,6,0.9045942183277372,1.1303742527229548,0.7373653630185968,38.6582589468512,46.38350667431005,0.560244255443149
adult,0.5,7,0.9036933912046515,1.1213659814920973,0.7345140714355282,38.68168045205143,46.13856359020555,0.5424135246864061
adult,0.5,8,0.8966505609696176,1.1170256326263206,0.7337651644709277,38.653017770862334,46.48448120547048,0.5756163371983142
adult,0.5,9,0.9062320858242568,1.1296372123495209,0.7365108128775614,38.67619359593809,46.52739333387929,0.5693484380347134
adult,0.5,10,0.8964048808451396,1.1136680042584555,0.7361990556576538,38.45467201703382,45.98132831053968,0.549815383178831
adult,0.5,11,0.8941118663500123,1.1158791253787568,0.7397420291341774,38.788223732700025,46.365408238473506,0.5535015025740456
adult,0.5,12,0.9068872328228647,1.132994840717386,0.7308641382431785,38.689951682908855,46.324952911309474,0.5572977102446837
adult,0.5,13,0.9009090164605683,1.126033903857178,0.7369542825605269,38.41274260912292,46.04094668741299,0.5564038574216519
adult,0.5,14,0.9009909098353943,1.1241503562361805,0.7395551377703306,38.70714929162231,46.22217672590288,0.5498177044914501
adult,0.5,15,0.8994349357137008,1.1150601916304972,0.7353790616954774,38.583408402260254,46.43739251494554,0.5737915622658438
adult,0.5,16,0.8983703218409631,1.1231676357382687,0.737877725218263,38.662763082466626,46.30112193923512,0.5574587498043331
adult,0.5,17,0.8983703218409631,1.1238227827368765,0.7353944671769425,38.684874293669644,46.46359839488985,0.5653634096152733
adult,0.5,18,0.8996806158381787,1.1183359266235362,0.7364270289668309,38.54123331422488,46.44418966505609,0.574972469121926
adult,0.5,19,0.8937023994758824,1.1180083531242322,0.7351386567622598,38.59511915486037,46.19539759233478,0.5554431620770666
adult,1.0,0,0.8991073622143969,1.1213659814920973,0.2787392493794055,38.68888706903611,55.08844484481205,1.2018937921796975
adult,1.0,1,0.9007452297109164,1.1195643272459257,0.29335706346717694,38.69380067152567,54.65400049136025,1.1737557535668115
adult,1.0,2,0.9012365899598722,1.1216116616165752,0.28940871674866975,38.63008762591107,54.8612726230448,1.1866765033138773
adult,1.0,3,0.8990254688395709,1.1234133158627466,0.2898152609090561,38.54966833183195,55.004094668741295,1.2066281384819235
adult,1.0,4,0.9087707804438621,1.1389730570796823,0.2847767957354206,38.63229874703136,55.155433625419704,1.212304152530452
adult,1.0,5,0.9000081893374826,1.1214478748669232,0.2810630402559853,38.49471787732372,55.258127917451475,1.2221224494380187
adult,1.0,6,0.9045942183277372,1.1303742527229548,0.28455000193580227,38.6582589468512,55.24707231184997,1.2030406946465912
adult,1.0,7,0.9036933912046515,1.1213659814920973,0.2810825660718489,38.68168045205143,55.512161166161654,1.224248817793184
adult,1.0,8,0.8966505609696176,1.1170256326263206,0.2714026184200564,38.653017770862334,55.261813119318646,1.2207544635280771
adult,1.0,9,0.9062320858242568,1.1296372123495209,0.28585454930520493,38.67619359593809,55.27639014003767,1.2038027675921452
adult,1.0,10,0.8964048808451396,1.1136680042584555,0.28103165927191603,38.45467201703382,55.092539513553355,1.2153810584881313
adult,1.0,11,0.8941118663500123,1.1158791253787568,0.29507434426876555,38.788223732700025,55.07910900008189,1.190023743896782
adult,1.0,12,0.9068872328228647,1.132994840717386,0.2609825065852709,38.689951682908855,55.68708541478994,1.240663023637037
adult,1.0,13,0.9009090164605683,1.126033903857178,0.2885730054708334,38.41274260912292,55.115879125378754,1.2183325843543062
adult,1.0,14,0.9009909098353943,1.1241503562361805,0.28850855814036824,38.70714929162231,55.13799033658177,1.2021203362470965
adult,1.0,15,0.8994349357137008,1.1150601916304972,0.2789585310131616,38.583408402260254,55.32552616493326,1.2231353882123406
adult,1.0,16,0.8983703218409631,1.1231676357382687,0.2839371199570442,38.662763082466626,55.16485136352469,1.2043468596880276
adult,1.0,17,0.8983703218409631,1.1238227827368765,0.2772422133128328,38.684874293669644,55.23519777250021,1.202889727218836
adult,1.0,18,0.8996806158381787,1.1183359266235362,0.28227113093704864,38.54123331422488,55.14323151257063,1.2078634213203812
adult,1.0,19,0.8937023994758824,1.1180083531242322,0.28127841123624675,38.59511915486037,54.96232904758005,1.196147600641358
adult,1.5,0,0.8991073622143969,1.1213659814920973,0.07234924183951102,38.68888706903611,64.2036688231922,1.8699319956320628
adult,1.5,1,0.9007452297109164,1.1195643272459257,0.0818318481474485,38.69380067152567,63.38539022193105,1.81588549182706
adult,1.5,2,0.9012365899598722,1.1216116616165752,0.07776080855124172,38.63008762591107,63.7925640815658,1.839651238057299
adult,1.5,3,0.8990254688395709,1.1234133158627466,0.08044788736560288,38.54966833183195,63.37777413807223,1.8206828045907466
adult,1.5,4,0.9087707804438621,1.1389730570796823,0.07599197126109135,38.63229874703136,63.782900663336335,1.8453023210297042
adult,1.5,5,0.9000081893374826,1.1214478748669232,0.0761653434921911,38.49471787732372,64.09630660879535,1.8664625070384806
adult,1.5,6,0.9045942183277372,1.1303742527229548,0.07779799965957943,38.6582589468512,64.25739087707804,1.8564798326484828
adult,1.5,7,0.9036933912046515,1.1213659814920973,0.07821701635968344,38.68168045205143,64.26386045368929,1.8608472423084514
adult,1.5,8,0.8966505609696176,1.1170256326263206,0.06944744527195126,38.653017770862334,64.40340676439276,1.8926660026766011
adult,1.5,9,0.9062320858242568,1.1296372123495209,0.0800957883876313,38.67619359593809,64.14748996806158,1.847111688434843
adult,1.5,10,0.8964048808451396,1.1136680042584555,0.07410720039858837,38.45467201703382,63.91433952993203,1.859805510354924
adult,1.5,11,0.8941118663500123,1.1158791253787568,0.08339915633674296,38.788223732700025,63.324461551060516,1.7923338793754657
adult,1.5,12,0.9068872328228647,1.132994840717386,0.06568852861531858,38.689951682908855,65.60723937433461,1.96475970961584
adult,1.5,13,0.9009090164605683,1.126033903857178,0.08074851697829341,38.41274260912292,63.42576365572025,1.8244584509353372
adult,1.5,14,0.9009909098353943,1.1241503562361805,0.07766162264559004,38.70714929162231,63.8805175661289,1.841744914445827
adult,1.5,15,0.8994349357137008,1.1150601916304972,0.07471100849758858,38.583408402260254,64.16010154778479,1.868566387072431
adult,1.5,16,0.8983703218409631,1.1231676357382687,0.07580035332148803,38.662763082466626,64.17721726312341,1.8620826798266201
adult,1.5,17,0.8983703218409631,1.1238227827368765,0.07267702912512423,38.684874293669644,64.2260257145197,1.8563497387092875
adult,1.5,18,0.8996806158381787,1.1183359266235362,0.07653432713231667,38.54123331422488,63.93088199164688,1.847201014676002
adult,1.5,19,0.8937023994758824,1.1180083531242322,0.07759542018563144,38.59511915486037,64.08279420194906,1.8626889710177614
adult,2.0,0,0.8991073622143969,1.1213659814920973,0.020992370094844056,38.68888706903611,72.21570714929162,2.4571197270639904
adult,2.0,1,0.9007452297109164,1.1195643272459257,0.023812456163540958,38.69380067152567,70.77970682171812,2.359683298287394
adult,2.0,2,0.9012365899598722,1.1216116616165752,0.022095897935858293,38.63008762591107,71.38457128818278,2.394709699079889
adult,2.0,3,0.8990254688395709,1.1234133158627466,0.023632197332555283,38.54966833183195,71.08222094832529,2.3856616207671353
adult,2.0,4,0.9087707804438621,1.1389730570796823,0.021797565707847254,38.63229874703136,71.53500941773811,2.41407535974169
adult,2.0,5,0.9000081893374826,1.1214478748669232,0.022569980660817678,38.49471787732372,71.89140938498076,2.434757983653823
adult,2.0,6,0.9045942183277372,1.1303742527229548,0.02326369082758518,38.6582589468512,71.96462206207518,2.41541750676593
adult,2.0,7,0.9036933912046515,1.1213659814920973,0.023950220642408676,38.68168045205143,72.08238473507494,2.4295665362469143
adult,2.0,8,0.8966505609696176,1.1170256326263206,0.020250171393337513,38.653017770862334,72.49283432970273,2.4872428278198564
adult,2.0,9,0.9062320858242568,1.1296372123495209,0.024373153585760508,38.67619359593809,71.90344771108018,2.409553426493189
adult,2.0,10,0.8964048808451396,1.1136680042584555,0.021212493146273492,38.45467201703382,71.74318237654573,2.431695345854879
adult,2.0,11,0.8941118663500123,1.1158791253787568,0.024202006407872352,38.788223732700025,71.07575137171403,2.3585535034785305
adult,2.0,12,0.9068872328228647,1.132994840717386,0.020264961284070127,38.689951682908855,73.93456719351404,2.5725920579359345
adult,2.0,13,0.9009090164605683,1.126033903857178,0.023759101447291302,38.41274260912292,71.01326672672181,2.3778935627356277
adult,2.0,14,0.9009909098353943,1.1241503562361805,0.022242425460019217,38.70714929162231,71.38866595692409,2.391059331366965
adult,2.0,15,0.8994349357137008,1.1150601916304972,0.022144161164239468,38.583408402260254,72.09843583654083,2.4485203528535635
adult,2.0,16,0.8983703218409631,1.1231676357382687,0.02197991747035409,38.662763082466626,71.66693964458275,2.408693719376055
adult,2.0,17,0.8983703218409631,1.1238227827368765,0.021348619973130308,38.684874293669644,72.52067807714356,2.4592111952006928
adult,2.0,18,0.8996806158381787,1.1183359266235362,0.022757610970931395,38.54123331422488,72.02055523708133,2.4357579032418633
adult,2.0,19,0.8937023994758824,1.1180083531242322,0.023519985455146553,38.59511915486037,71.83187290148227,2.4290067462758818
